pl_name,pl_orbsmax,pl_rade,pl_bmasse,st_rad,st_mass,sy_dist
1RXS J160929.1-210524 b,330.0,18.647,2543.0,1.35,0.85,139.135
55 Cnc e,0.01544,1.875,7.99,0.94,0.91,12.5855
55 Cnc e,0.01544,1.91,8.08,0.96,0.9,12.5855
55 Cnc e,0.01544,2.08,7.81,0.94,0.91,12.5855
55 Cnc e,0.01583,2.173,8.37,0.96,0.9,12.5855
55 Cnc e,0.01544,1.92,8.08,0.96,0.9,12.5855
55 Cnc e,0.01583,2.0,8.63,0.94,0.96,12.5855
AU Mic b,0.066,4.203,57.2094,0.75,0.5,9.7221
AU Mic b,0.0645,4.07,17.0,0.75,0.5,9.7221
AU Mic c,0.1101,3.24,13.6,0.75,0.5,9.7221
BD+20 594 b,0.241,2.23,16.3,0.93,0.96,179.461
BD+60 1417 b,1662.0,14.684,4767.4261,0.8,1.0,44.9543
BD-14 3065 b,0.0656,21.59,3932.0,2.35,1.41,589.423
COCONUTS-2 b,7506.0,12.442,2002.31896,0.39,0.37,10.8864
CoRoT-1 b,0.0261,16.589,359.1479,1.14,1.03,787.909
CoRoT-1 b,0.02752,19.223,390.9309,1.23,1.22,787.909
CoRoT-1 b,0.02536,17.385,327.3649,1.13,0.95,787.909
CoRoT-10 b,0.1055,10.873,867.6759,0.79,0.89,338.386
CoRoT-10 b,0.106,10.548,883.5674,0.74,0.9,338.386
CoRoT-10 b,0.1055,10.87,874.0,0.79,0.89,338.386
CoRoT-11 b,0.04351,15.581,791.3967,1.33,1.23,655.037
CoRoT-11 b,0.04407,16.029,832.7146,1.37,1.27,655.037
CoRoT-11 b,0.044,15.984,743.7222,1.37,1.26,655.037
CoRoT-11 b,0.0436,16.03,740.51,1.37,1.27,655.037
CoRoT-12 b,0.04016,16.14,291.438,1.12,1.08,1126.37
CoRoT-12 b,0.04013,16.141,290.81445,1.12,1.08,1126.37
CoRoT-12 b,0.0392,15.065,277.46559,1.05,1.0,1126.37
CoRoT-12 b,0.0394,15.132,281.91521,1.05,1.02,1126.37
CoRoT-13 b,0.05107,9.92,423.03173,1.01,1.09,1148.93
CoRoT-13 b,0.051,14.034,416.99296,1.27,1.09,1148.93
CoRoT-13 b,0.051,9.92,415.704,1.01,1.09,1148.93
CoRoT-14 b,0.027,12.22,2415.4,1.21,1.13,1744.6
CoRoT-14 b,0.02687,11.411,2437.7561,1.19,1.12,1744.6
CoRoT-14 b,0.02691,12.218,2358.2986,1.21,1.13,1744.6
CoRoT-16 b,0.0618,13.115,168.13207,1.19,1.1,732.409
CoRoT-16 b,0.0618,13.11,170.032,1.19,1.1,732.409
CoRoT-17 b,0.0481,11.287,781.8618,1.62,1.04,1176.12
CoRoT-17 b,0.0461,11.43,772.29,1.59,1.04,1176.12
CoRoT-17 b,0.0481,11.433,765.9703,1.59,1.04,1176.12
CoRoT-18 b,0.0295,14.684,1099.6918,1.0,0.95,764.889
CoRoT-18 b,0.0286,14.022,1039.3041,0.92,0.86,764.889
CoRoT-18 b,0.0295,14.68,1102.82,1.0,0.95,764.889
CoRoT-18 b,0.0288,12.846,1048.839,0.88,0.88,764.889
CoRoT-19 b,0.0512,13.339,346.4347,1.58,1.18,790.663
CoRoT-19 b,0.0518,14.46,352.78,1.65,1.21,790.663
CoRoT-19 b,0.05166,14.46,367.09365,1.65,1.21,790.663
CoRoT-2 b,0.0281,16.432,1048.839,0.9,0.97,213.283
CoRoT-2 b,0.02835,16.365,1134.6531,0.9,1.0,213.283
CoRoT-2 b,0.02798,16.432,1102.82,0.91,0.96,213.283
CoRoT-2 b,0.02854,16.477,1150.5446,0.91,1.02,213.283
CoRoT-20 b,0.0891,11.209,1315.8162,1.16,1.1,844.061
CoRoT-20 b,0.0902,9.42,1347.54,1.02,1.14,844.061
CoRoT-20 b,0.0892,13.002,1608.2198,1.34,1.11,844.061
CoRoT-20 b,0.0901,9.416,1344.4209,1.02,1.14,844.061
CoRoT-22 b,0.092,4.88,12.2,1.14,1.1,627.158
CoRoT-23 b,0.04809,13.227,972.5598,1.74,1.12,1060.97
CoRoT-23 b,0.048,11.77,889.9,1.61,1.14,1060.97
CoRoT-23 b,0.0484,11.769,982.0947,1.61,1.14,1060.97
CoRoT-24 b,0.056,3.7,5.7,0.86,0.91,591.555
CoRoT-24 c,0.098,5.0,28.0,0.86,0.91,591.555
CoRoT-25 b,0.0578,12.11,85.81,1.19,1.09,1103.48
CoRoT-25 b,0.05789,12.106,93.12419,1.19,1.09,1103.48
CoRoT-26 b,0.0526,14.12,165.26,1.79,1.09,1045.18
CoRoT-26 b,0.0525,14.123,184.3414,1.79,1.09,1045.18
CoRoT-27 b,0.0476,11.287,3302.11,1.08,1.05,1010.28
CoRoT-27 b,0.0467,11.287,3273.649,1.08,1.05,1010.28
CoRoT-28 b,0.059,10.705,152.87623,1.78,1.01,766.183
CoRoT-28 b,0.0603,10.705,153.82972,1.78,1.01,766.183
CoRoT-29 b,0.0386,10.088,270.1555,0.9,0.97,806.507
CoRoT-29 b,0.039,10.088,266.9772,0.9,0.97,806.507
CoRoT-3 b,0.05694,11.135,6747.5309,1.54,1.36,768.771
CoRoT-3 b,0.05783,11.624,6979.5468,1.57,1.4,768.771
CoRoT-3 b,0.0574,11.321,6814.2752,1.56,1.37,768.771
CoRoT-30 b,0.0844,11.31,921.707,0.91,0.98,1032.23
CoRoT-31 b,0.0586,16.365,266.9772,2.15,1.25,2005.76
CoRoT-35 b,0.0429,18.831,349.61125,1.65,1.01,1123.21
CoRoT-36 b,0.066,15.805,216.12332,1.52,1.32,925.958
CoRoT-4 b,0.09,13.34,228.83,1.17,1.16,726.412
CoRoT-4 b,0.09025,13.339,223.43449,1.17,1.16,726.412
CoRoT-4 b,0.0912,13.002,232.33373,1.15,1.19,726.412
CoRoT-5 b,0.0495,14.079,145.88397,1.11,0.99,882.472
CoRoT-5 b,0.04963,15.558,151.92274,1.19,1.0,882.472
CoRoT-5 b,0.05004,13.249,149.3801,1.05,1.02,882.472
CoRoT-5 b,0.04947,15.558,148.42,1.19,1.0,882.472
CoRoT-6 b,0.0854,13.07,937.5985,1.02,1.05,645.294
CoRoT-6 b,0.0855,13.068,940.74,1.02,1.05,645.294
CoRoT-6 b,0.0855,13.283,940.7768,1.04,1.05,645.294
CoRoT-7 b,0.0169,1.861,6.99226,0.96,0.88,159.906
CoRoT-7 b,0.017016,1.585,5.74,0.82,0.91,159.906
CoRoT-7 b,0.0172,1.68,21.0,0.87,0.93,159.906
CoRoT-8 b,0.06339,6.389,69.28694,0.77,0.88,322.037
CoRoT-8 b,0.063,6.39,69.92,0.77,0.88,322.037
CoRoT-8 b,0.0633,7.981,68.65128,0.9,0.88,322.037
CoRoT-8 b,0.0636,6.938,69.28694,0.8,0.89,322.037
CoRoT-9 b,0.4021,11.949,266.9772,0.96,0.96,412.98
CoRoT-9 b,0.4027,11.624,262.52758,0.94,0.96,412.98
CoRoT-9 b,0.4029,11.949,268.88418,0.96,0.96,412.98
CoRoT-9 b,0.407,11.77,266.97,0.94,0.99,412.98
CoRoTID 223977153 b,0.071,6.389,47.6745,0.79,1.08,576.683
EPIC 211945201 b,0.148,6.12,27.0,1.38,1.18,181.69
EPIC 220674823 b,0.01326,1.725,8.21,0.99,0.95,244.59
EPIC 220674823 b,0.0116,1.52,8.36,0.87,0.94,244.59
EPIC 220674823 b,0.01312,1.82,9.0,0.95,0.92,244.59
EPIC 220674823 c,0.1083,2.836,8.9,0.99,0.95,244.59
EPIC 220674823 c,0.1071,2.77,5.7,0.95,0.92,244.59
EPIC 220674823 c,0.105,2.5,5.8,0.87,0.94,244.59
EPIC 229004835 b,0.1237,2.332,10.4,1.0,0.97,121.971
EPIC 246851721 b,0.07229,11.781,953.49,1.59,1.32,372.632
EPIC 248847494 b,4.5,12.442,4131.79,2.7,0.9,551.886
EPIC 249893012 b,0.047,1.95,8.75,1.71,1.05,321.296
EPIC 249893012 c,0.13,3.67,14.67,1.71,1.05,321.296
EPIC 249893012 d,0.22,3.94,10.18,1.71,1.05,321.296
G 9-40 b,0.0385,2.025,11.7,0.31,0.29,27.9276
GJ 1132 b,0.0157,1.192,1.83705,0.22,0.19,12.613
GJ 1132 b,0.01533,1.43,1.63,0.26,0.18,12.613
GJ 1132 b,0.0153,1.13,1.66,0.21,0.18,12.613
GJ 1214 b,0.0149,2.742,8.17,0.21,0.18,14.6427
GJ 1214 b,0.01411,2.847,6.26125,0.22,0.15,14.6427
GJ 1214 b,0.01505,2.733,8.41,0.22,0.18,14.6427
GJ 1252 b,0.00916,1.193,2.09,0.39,0.38,20.373
GJ 1252 b,0.00915,1.18,1.32,0.39,0.38,20.373
GJ 143 b,0.1915,2.61,22.7,0.69,0.73,16.32
GJ 3090 b,0.03165,2.13,3.34,0.52,0.52,22.4751
GJ 3470 b,0.0355,4.57,13.9,0.55,0.54,29.4214
GJ 3470 b,0.031,3.88,13.73,0.48,0.51,29.4214
GJ 3470 b,0.03557,4.83,13.9,0.57,0.54,29.4214
GJ 3470 b,0.0348,4.2,14.0,0.5,0.54,29.4214
GJ 3470 b,0.03596,4.32,14.1,0.53,0.56,29.4214
GJ 3473 b,0.01589,1.264,1.86,0.36,0.36,27.3644
GJ 357 b,0.035,1.217,1.84,0.34,0.34,9.44181
GJ 367 b,0.0071,0.718,0.546,0.46,0.45,9.41263
GJ 367 b,0.00709,0.699,0.633,0.46,0.46,9.41263
GJ 3929 b,0.02569,1.15,1.21,0.32,0.31,15.8095
GJ 3929 b,0.0252,1.09,1.75,0.32,0.31,15.8095
GJ 414 A b,0.2324,2.63,7.6,0.68,0.65,11.8893
GJ 414 A c,1.4,8.4,53.83,0.68,0.65,11.8893
GJ 436 b,0.0308,4.1,25.4,0.46,0.56,9.75321
GJ 436 b,0.02872,4.222,23.1688,0.46,0.45,9.75321
GJ 436 b,0.02887,4.091,23.42407,0.45,0.46,9.75321
GJ 436 b,0.0291,4.17,22.1,0.46,0.47,9.75321
GJ 486 b,0.01713,1.343,3.0,0.34,0.33,8.07426
GJ 486 b,0.01734,1.305,2.82,0.33,0.32,8.07426
GJ 486 b,0.01714,1.289,2.77,0.32,0.31,8.07426
GJ 806 b,0.01406,1.331,1.9,0.41,0.41,12.0445
GJ 9827 b,0.01888,1.62,3.42,0.61,0.61,29.661
GJ 9827 b,0.0188,1.577,4.91,0.6,0.61,29.661
GJ 9827 b,0.0189,1.44,4.28,0.58,0.62,29.661
GJ 9827 b,0.0206,1.58,3.69,0.62,0.64,29.661
GJ 9827 b,0.0188,1.577,5.14,0.6,0.61,29.661
GJ 9827 c,0.03925,1.241,1.3,0.6,0.61,29.661
GJ 9827 c,0.03942,1.269,2.42,0.61,0.61,29.661
GJ 9827 c,0.0395,1.13,1.86,0.58,0.62,29.661
GJ 9827 c,0.03925,1.241,0.84,0.6,0.61,29.661
GJ 9827 c,0.0429,1.24,1.45,0.62,0.64,29.661
GJ 9827 d,0.05591,2.022,4.04,0.6,0.61,29.661
GJ 9827 d,0.05615,2.07,5.2,0.61,0.61,29.661
GJ 9827 d,0.0563,1.89,3.02,0.58,0.62,29.661
GJ 9827 d,0.0559,2.022,3.53,0.6,0.61,29.661
GJ 9827 d,0.0611,2.04,2.35,0.62,0.64,29.661
GPX-1 b,0.0338,16.477,6261.21962,1.56,1.68,655.013
Gaia-1 b,0.04047,13.776,533.95172,0.95,0.95,363.66
Gaia-2 b,0.0467,14.818,259.66581,1.06,1.0,209.229
Gliese 12 b,0.067,0.9,10.0,0.27,0.24,12.21
Gliese 12 b,0.0668,0.958,3.87,0.26,0.24,12.21
HAT-P-1 b,0.05535,13.641,166.54292,1.11,1.13,158.979
HAT-P-1 b,0.05561,14.785,166.86075,1.17,1.15,158.979
HAT-P-1 b,0.0553,13.922,166.86075,1.14,1.13,158.979
HAT-P-1 b,0.0551,15.244,168.4499,1.15,1.12,158.979
HAT-P-1 b,0.0553,13.922,169.08556,1.14,1.13,158.979
HAT-P-11 b,0.05259,4.45,26.69772,0.69,0.81,37.7647
HAT-P-11 b,0.053,4.73,25.743,0.75,0.81,37.7647
HAT-P-11 b,0.05254,4.36,23.4,0.68,0.81,37.7647
HAT-P-12 b,0.0384,10.749,67.059,0.7,0.73,142.751
HAT-P-12 b,0.03838,10.749,66.23577,0.7,0.73,142.751
HAT-P-12 b,0.03767,10.301,63.88383,0.68,0.69,142.751
HAT-P-13 b,0.04383,16.668,285.72917,1.76,1.32,246.81
HAT-P-13 b,0.0427,14.359,271.098,1.56,1.22,246.81
HAT-P-13 b,0.0427,14.359,280.64389,1.56,1.22,246.81
HAT-P-14 b,0.06062,12.89,731.96249,1.47,1.39,222.663
HAT-P-14 b,0.0596,13.451,724.6524,1.53,1.32,222.663
HAT-P-14 b,0.0606,12.89,709.367,1.47,1.39,222.663
HAT-P-14 b,0.06108,13.664,721.79193,1.59,1.42,222.663
HAT-P-15 b,0.0964,12.016,618.471,1.08,1.01,192.516
HAT-P-15 b,0.0965,12.016,619.45067,1.08,1.01,192.516
HAT-P-16 b,0.04134,14.448,1341.56043,1.24,1.22,226.637
HAT-P-16 b,0.0413,14.448,1332.605,1.24,1.22,226.637
HAT-P-17 b,0.0882,11.321,170.67471,0.84,0.86,92.3831
HAT-P-17 b,0.0882,11.321,169.71,0.84,0.86,92.3831
HAT-P-18 b,0.05596,11.153,63.566,0.75,0.77,161.4
HAT-P-18 b,0.0559,11.153,62.61,0.75,0.77,161.4
HAT-P-18 b,0.0559,10.615,62.29468,0.72,0.77,161.4
HAT-P-19 b,0.04664,12.689,90.26372,0.82,0.84,202.078
HAT-P-19 b,0.04599,11.299,88.03847,0.77,0.81,202.078
HAT-P-19 b,0.0466,12.689,92.802,0.82,0.84,202.078
HAT-P-2 b,0.0688,12.969,2765.121,1.64,1.36,127.774
HAT-P-2 b,0.0677,11.007,2873.1832,1.47,1.3,127.774
HAT-P-2 b,0.0677,10.66,2739.6946,1.42,1.3,127.774
HAT-P-2 b,0.0679,11.243,2771.4776,1.51,1.31,127.774
HAT-P-2 b,0.0674,13.339,2777.8342,1.68,1.28,127.774
HAT-P-2 b,0.06878,12.969,2888.95,1.64,1.36,127.774
HAT-P-20 b,0.0361,9.718,2302.899,0.69,0.76,71.0374
HAT-P-20 b,0.03593,11.489,2294.7326,0.68,0.74,71.0374
HAT-P-20 b,0.03617,9.718,2310.6241,0.69,0.76,71.0374
HAT-P-21 b,0.0495,11.478,1261.7851,1.1,0.95,277.278
HAT-P-21 b,0.0494,11.478,1291.289,1.1,0.95,277.278
HAT-P-22 b,0.04142,12.106,690.32676,1.04,0.92,81.7647
HAT-P-22 b,0.0414,12.106,682.352,1.04,0.92,81.7647
HAT-P-22 b,0.04171,11.882,696.68336,1.06,0.94,81.7647
HAT-P-23 b,0.0232,15.334,664.237,1.2,1.13,364.813
HAT-P-23 b,0.02302,13.72,658.0,1.09,1.1,364.813
HAT-P-23 b,0.0232,15.334,626.1251,1.2,1.13,364.813
HAT-P-24 b,0.04651,13.922,229.79109,1.32,1.19,415.344
HAT-P-24 b,0.0465,13.922,217.704,1.32,1.19,415.344
HAT-P-24 b,0.0465,14.751,217.71355,1.32,1.19,415.344
HAT-P-25 b,0.0466,13.339,180.202,0.96,1.01,300.384
HAT-P-25 b,0.0466,12.722,180.84527,0.92,1.01,300.384
HAT-P-25 b,0.04659,13.339,180.20961,0.96,1.01,300.384
HAT-P-26 b,0.0479,6.333,18.751,0.79,0.82,141.837
HAT-P-27 b,0.03998,11.433,195.78328,0.87,0.92,199.173
HAT-P-27 b,0.04,11.43,197.05,0.86,0.92,199.173
HAT-P-27 b,0.0403,11.635,209.759,0.9,0.94,199.173
HAT-P-28 b,0.04337,13.585,202.45771,1.1,1.02,401.319
HAT-P-28 b,0.0434,13.585,198.953,1.1,1.02,401.319
HAT-P-29 b,0.0665,11.926,243.77561,1.24,1.2,313.576
HAT-P-29 b,0.0667,12.408,247.261,1.22,1.21,313.576
HAT-P-29 b,0.06669,12.408,214.85308,1.22,1.21,313.576
HAT-P-3 b,0.03878,10.211,189.10885,0.85,0.93,134.554
HAT-P-3 b,0.03842,10.615,185.61272,0.87,0.9,134.554
HAT-P-3 b,0.03882,10.077,189.42668,0.83,0.93,134.554
HAT-P-3 b,0.03866,9.27,187.83,0.8,0.92,134.554
HAT-P-3 b,0.03899,10.077,193.55847,0.83,0.93,134.554
HAT-P-3 b,0.03894,9.976,190.38017,0.82,0.94,134.554
HAT-P-30 b,0.0419,15.02,237.10118,1.22,1.24,213.985
HAT-P-30 b,0.0419,15.02,225.968,1.22,1.24,213.985
HAT-P-31 b,0.061,11.994,682.38101,1.36,1.22,344.05
HAT-P-31 b,0.055,11.99,689.98,1.36,1.22,344.05
HAT-P-32 b,0.0343,20.053,273.322,1.22,1.16,289.205
HAT-P-32 b,0.03427,20.053,238.3725,1.22,1.16,289.205
HAT-P-32 b,0.03397,22.194,216.1244,1.37,1.13,289.205
HAT-P-33 b,0.0499,18.898,242.176,1.64,1.38,396.11
HAT-P-33 b,0.04995,18.898,209.7678,1.64,1.38,396.11
HAT-P-34 b,0.06774,13.417,1058.3739,1.53,1.39,249.325
HAT-P-34 b,0.0677,13.417,1057.694,1.53,1.39,249.325
HAT-P-35 b,0.0498,14.93,334.979,1.44,1.24,506.965
HAT-P-35 b,0.04978,14.93,335.62848,1.44,1.24,506.965
HAT-P-36 b,0.02382,14.168,587.9855,1.1,1.02,294.419
HAT-P-36 b,0.02388,14.617,588.62116,1.04,1.03,294.419
HAT-P-36 b,0.0241,14.314,587.41341,1.04,1.03,294.419
HAT-P-36 b,0.0238,14.168,582.24,1.1,1.02,294.419
HAT-P-36 b,0.02402,15.211,611.82275,1.11,1.05,294.419
HAT-P-37 b,0.03793,13.204,381.396,0.88,0.93,390.594
HAT-P-37 b,0.0379,13.204,371.528,0.88,0.93,390.594
HAT-P-38 b,0.05231,9.247,84.86061,0.92,0.89,255.206
HAT-P-38 b,0.0523,9.247,84.857,0.92,0.89,255.206
HAT-P-39 b,0.05095,17.609,180.84527,1.62,1.4,697.004
HAT-P-39 b,0.0509,17.609,190.372,1.62,1.4,697.004
HAT-P-4 b,0.04465,14.986,216.1244,1.6,1.27,320.451
HAT-P-4 b,0.0446,14.235,216.1244,1.59,1.26,320.451
HAT-P-4 b,0.04449,14.28,206.90733,1.6,1.25,320.451
HAT-P-40 b,0.0608,19.392,195.457,2.21,1.51,464.469
HAT-P-40 b,0.06076,19.392,184.65923,2.21,1.51,464.469
HAT-P-41 b,0.04258,18.887,252.67485,1.68,1.42,348.185
HAT-P-41 b,0.0426,18.887,254.253,1.68,1.42,348.185
HAT-P-42 b,0.0575,14.348,331.801,1.53,1.18,405.238
HAT-P-42 b,0.0575,14.348,279.6904,1.53,1.18,405.238
HAT-P-43 b,0.0443,14.359,210.395,1.1,1.05,528.825
HAT-P-43 b,0.04445,14.359,232.0159,1.1,1.05,528.825
HAT-P-44 b,0.0507,13.922,111.871,0.95,0.94,347.85
HAT-P-45 b,0.0452,15.984,283.492,1.32,1.26,298.64
HAT-P-45 b,0.04521,15.984,273.3338,1.32,1.26,298.64
HAT-P-46 b,0.0577,14.392,156.684,1.4,1.28,290.736
HAT-P-49 b,0.0438,15.838,549.823,1.83,1.54,350.351
HAT-P-49 b,0.04378,15.838,562.5591,1.83,1.54,350.351
HAT-P-5 b,0.04073,14.056,324.1866,1.17,1.16,303.336
HAT-P-5 b,0.04075,14.12,336.89,1.17,1.16,303.336
HAT-P-50 b,0.0453,14.437,429.0705,1.7,1.27,515.458
HAT-P-50 b,0.04527,14.437,431.93097,1.7,1.27,515.458
HAT-P-51 b,0.05067,14.493,98.84513,1.04,0.98,440.089
HAT-P-51 b,0.05069,14.493,98.20947,1.04,0.98,440.089
HAT-P-51 b,0.05042,13.507,97.57332,0.99,0.96,440.089
HAT-P-52 b,0.03694,11.31,259.98494,0.89,0.89,361.155
HAT-P-52 b,0.03696,11.31,259.66711,0.89,0.89,361.155
HAT-P-53 b,0.03159,14.773,471.65972,1.21,1.09,666.802
HAT-P-53 b,0.0316,14.773,469.43491,1.21,1.09,666.802
HAT-P-54 b,0.04122,10.581,578.4506,0.62,0.65,143.651
HAT-P-54 b,0.04117,10.581,241.5508,0.62,0.65,143.651
HAT-P-55 b,0.04604,13.249,184.3414,1.01,1.01,511.388
HAT-P-55 b,0.04604,13.249,184.97706,1.01,1.01,511.388
HAT-P-55 b,0.04628,14.841,189.42573,1.1,1.03,511.388
HAT-P-56 b,0.0423,16.432,692.8694,1.43,1.3,320.639
HAT-P-56 b,0.04232,16.432,603.877,1.43,1.3,320.639
HAT-P-57 b,0.0406,15.838,587.9855,1.5,1.47,279.86
HAT-P-58 b,0.04994,14.93,118.23217,1.53,1.03,515.59
HAT-P-59 b,0.05064,12.588,489.45575,1.1,1.01,265.471
HAT-P-6 b,0.05244,15.637,337.85329,1.52,1.29,275.358
HAT-P-6 b,0.05239,14.908,351.51998,1.46,1.29,275.358
HAT-P-6 b,0.05235,14.908,335.932,1.46,1.29,275.358
HAT-P-6 b,0.05237,14.908,336.58197,1.46,1.29,275.358
HAT-P-60 b,0.06277,18.282,182.43351,2.2,1.44,233.22
HAT-P-61 b,0.0301,10.077,335.94463,0.94,1.0,338.84
HAT-P-62 b,0.03772,12.027,241.86742,1.17,1.02,348.815
HAT-P-63 b,0.04294,12.543,195.14664,0.97,0.93,403.458
HAT-P-64 b,0.05387,19.089,184.34048,1.74,1.3,651.897
HAT-P-65 b,0.03951,21.185,167.49641,1.86,1.21,738.519
HAT-P-65 b,0.04042,18.058,176.07694,1.67,1.3,738.519
HAT-P-66 b,0.04363,17.822,248.86089,1.88,1.25,935.456
HAT-P-67 b,0.06505,23.371,108.0622,2.55,1.64,371.686
HAT-P-68 b,0.02996,12.016,230.10892,0.67,0.68,202.152
HAT-P-69 b,0.06555,18.786,1137.8314,1.93,1.65,341.263
HAT-P-7 b,0.03805,16.421,571.77617,1.96,1.51,341.079
HAT-P-7 b,0.03813,16.926,574.00098,2.0,1.51,341.079
HAT-P-7 b,0.0355,15.906,566.05523,1.84,1.47,341.079
HAT-P-7 b,0.0377,15.043,564.442,1.99,1.35,341.079
HAT-P-7 b,0.03676,16.713,534.59006,1.84,1.47,341.079
HAT-P-70 b,0.04739,20.961,2154.8874,1.86,1.89,330.739
HAT-P-8 b,0.04496,16.814,430.34182,1.58,1.28,211.553
HAT-P-8 b,0.0487,16.81,483.08,1.58,1.28,211.553
HAT-P-9 b,0.053,15.69,247.9,1.32,1.28,455.203
HAT-P-9 b,0.0529,15.468,247.27174,1.34,1.28,455.203
HAT-P-9 b,0.05287,15.614,238.05467,1.34,1.28,455.203
HAT-P-9 b,0.0529,15.693,241.86863,1.32,1.28,455.203
HATS-1 b,0.0444,14.594,589.55,1.04,0.99,283.971
HATS-1 b,0.04446,14.594,556.2025,1.04,0.99,283.971
HATS-10 b,0.04493,10.862,185.93055,1.1,1.1,534.889
HATS-10 b,0.04491,10.862,167.17858,1.1,1.1,534.889
HATS-11 b,0.04614,16.926,270.1555,1.44,1.0,944.603
HATS-12 b,0.04795,15.132,756.4354,2.21,1.49,746.138
HATS-13 b,0.04057,13.585,172.58169,0.89,0.96,421.855
HATS-13 b,0.04059,13.585,188.15536,0.89,0.96,421.855
HATS-14 b,0.03815,11.646,339.76027,0.93,0.97,513.011
HATS-14 b,0.03815,11.646,340.39593,0.93,0.97,513.011
HATS-15 b,0.02712,12.386,689.6911,0.92,0.87,1139.55
HATS-16 b,0.03744,14.572,1039.3041,1.24,0.97,757.044
HATS-17 b,0.1308,8.709,425.25654,1.09,1.13,400.331
HATS-18 b,0.01761,14.986,629.3034,1.02,1.04,624.368
HATS-18 b,0.0174,14.897,629.14449,1.02,1.04,624.368
HATS-2 b,0.02317,12.576,435.42492,0.88,0.9,341.925
HATS-2 b,0.02298,13.092,486.2799,0.9,0.88,341.925
HATS-2 b,0.023,13.092,427.463,0.9,0.88,341.925
HATS-22 b,0.05025,10.682,870.8542,0.69,0.76,229.518
HATS-23 b,0.03397,20.849,467.2101,1.2,1.12,639.004
HATS-24 b,0.02547,16.668,775.5052,1.17,1.21,494.182
HATS-24 b,0.0238,15.637,718.2958,1.12,1.07,494.182
HATS-25 b,0.05163,14.123,194.82979,1.11,0.99,471.158
HATS-26 b,0.04735,19.616,206.5895,2.04,1.3,861.843
HATS-27 b,0.0611,16.814,168.4499,1.74,1.42,816.988
HATS-28 b,0.04131,13.384,213.58176,0.92,0.93,535.383
HATS-29 b,0.05475,14.022,207.54299,1.07,1.03,353.891
HATS-3 b,0.04852,15.48,349.613,1.4,1.21,411.211
HATS-3 b,0.0485,15.48,340.39593,1.4,1.21,411.211
HATS-3 b,0.0485,15.48,340.382,1.4,1.21,411.211
HATS-30 b,0.04354,13.171,224.38798,1.06,1.09,342.14
HATS-31 b,0.0478,18.383,279.6904,1.87,1.27,773.974
HATS-32 b,0.04024,14.0,292.4036,1.1,1.1,745.116
HATS-33 b,0.03727,13.787,378.85336,1.02,1.06,248.46
HATS-34 b,0.03166,16.029,299.07803,0.98,0.95,508.842
HATS-35 b,0.03199,16.41,388.38826,1.43,1.32,514.555
HATS-36 b,0.05425,13.843,1022.14128,1.16,1.22,856.436
HATS-37 A b,0.04913,6.793,31.46517,0.88,0.84,211.896
HATS-38 b,0.05036,6.882,23.51942,1.1,0.89,343.525
HATS-39 b,0.06007,17.598,200.2329,1.62,1.38,878.521
HATS-4 b,0.03623,11.433,416.03947,0.93,1.0,416.459
HATS-4 b,0.0362,11.433,420.471,0.93,1.0,416.459
HATS-40 b,0.04997,17.71,505.3497,2.26,1.56,1342.29
HATS-41 b,0.0583,14.908,3082.951,1.71,1.5,737.668
HATS-42 b,0.03689,15.693,597.5204,1.48,1.27,800.377
HATS-43 b,0.04944,13.227,82.95363,0.81,0.84,362.273
HATS-44 b,0.03649,11.96,177.9848,0.85,0.86,446.035
HATS-45 b,0.05511,14.415,222.481,1.31,1.27,772.11
HATS-46 b,0.05367,10.122,54.98459,0.85,0.92,453.808
HATS-47 b,0.04269,12.52,117.27927,0.66,0.67,300.67
HATS-48 A b,0.03769,8.967,77.23269,0.72,0.73,263.609
HATS-49 b,0.04515,8.575,112.19399,0.7,0.71,324.413
HATS-5 b,0.05428,10.223,75.64354,0.87,0.94,246.384
HATS-5 b,0.0542,10.223,75.323,0.87,0.94,246.384
HATS-50 b,0.05046,12.666,123.9537,1.12,1.17,756.742
HATS-51 b,0.04639,15.805,244.09344,1.44,1.19,389.57
HATS-52 b,0.02498,15.491,711.9392,1.05,1.11,555.134
HATS-53 b,0.04753,15.02,189.10885,1.1,0.96,585.77
HATS-54 b,0.037,11.377,239.32479,1.23,1.05,748.585
HATS-54 b,0.03763,11.96,241.5508,1.32,1.1,748.585
HATS-55 b,0.05412,14.022,292.72143,1.13,1.2,609.838
HATS-56 b,0.06043,18.921,191.33366,2.2,1.57,564.409
HATS-57 b,0.03493,12.767,1000.21101,0.96,1.03,279.485
HATS-58 A b,0.05798,12.274,327.3649,1.43,1.46,403.591
HATS-59 b,0.06112,12.621,256.17098,1.04,1.04,642.884
HATS-6 b,0.03623,11.187,101.38777,0.57,0.57,169.318
HATS-60 b,0.04708,12.924,210.40346,1.46,1.1,486.474
HATS-61 b,0.07908,13.395,1080.622,1.66,1.08,679.761
HATS-62 b,0.04163,11.825,56.89157,0.93,0.9,523.067
HATS-63 b,0.04026,13.529,305.1168,1.07,0.93,623.232
HATS-64 b,0.06562,18.82,305.1168,2.11,1.56,1080.15
HATS-65 b,0.04497,16.825,260.93843,1.31,1.26,493.32
HATS-66 b,0.04714,15.816,1694.0339,1.84,1.41,1477.98
HATS-67 b,0.03032,18.887,460.8535,1.44,1.44,960.109
HATS-68 b,0.05071,13.809,410.0007,1.75,1.35,603.955
HATS-69 b,0.03211,10.593,183.38791,0.88,0.89,414.537
HATS-7 b,0.04012,6.311,38.1396,0.81,0.85,240.707
HATS-7 b,0.04012,6.311,39.09309,0.81,0.85,240.707
HATS-70 b,0.03632,15.513,4100.007,1.88,1.78,1458.83
HATS-71 b,0.03745,11.478,117.5971,0.48,0.49,140.225
HATS-72 b,0.066517,8.097,39.85588,0.72,0.73,127.589
HATS-74 A b,0.02384,11.568,464.02947,0.58,0.6,299.389
HATS-75 b,0.032742,9.909,156.05375,0.58,0.6,194.964
HATS-76 b,0.02658,12.094,835.57088,0.63,0.66,385.689
HATS-77 b,0.03607,13.058,436.69623,0.64,0.66,436.176
HATS-8 b,0.04668,9.785,46.08535,1.09,1.06,794.637
HATS-8 b,0.04667,9.785,43.86054,1.09,1.06,794.637
HATS-9 b,0.03048,11.938,266.02371,1.5,1.03,638.7
HATS-9 b,0.03048,11.938,261.57409,1.5,1.03,638.7
HD 106315 b,0.0907,2.44,12.6,1.3,1.09,109.353
HD 106315 c,0.1536,4.35,15.2,1.3,1.09,109.353
HD 110067 b,0.0793,2.2,5.69,0.79,0.8,32.1585
HD 110067 c,0.1039,2.388,6.3,0.79,0.8,32.1585
HD 110067 d,0.1362,2.852,8.52,0.79,0.8,32.1585
HD 110067 e,0.1785,1.94,3.9,0.79,0.8,32.1585
HD 110067 f,0.2163,2.601,5.04,0.79,0.8,32.1585
HD 110067 g,0.2621,2.607,8.4,0.79,0.8,32.1585
HD 110113 b,0.035,2.05,4.55,0.97,1.0,106.307
HD 114082 b,0.5109,11.209,2542.62726,1.49,1.47,95.3906
HD 118203 b,0.07071,12.733,688.41633,2.1,1.25,92.2589
HD 118203 b,0.08635,12.061,725.28442,1.99,1.35,92.2589
HD 118203 b,0.0701,12.554,693.50158,2.03,1.22,92.2589
HD 135694 b,0.12,2.532,6.1,1.07,0.91,73.8713
HD 135694 b,0.12,2.51,5.7,1.05,0.9,73.8713
HD 136352 b,0.0969,1.482,4.62,1.01,0.91,14.682
HD 136352 b,0.0964,1.664,4.72,1.06,0.87,14.682
HD 136352 c,0.1721,2.916,11.24,1.06,0.87,14.682
HD 136352 c,0.1729,2.608,11.29,1.01,0.91,14.682
HD 136352 d,0.425,2.562,8.82,1.06,0.87,14.682
HD 137496 b,0.02732,1.31,4.04,1.59,1.04,155.317
HD 1397 b,0.1003,11.467,116.64361,2.34,1.26,79.5702
HD 1397 b,0.1097,11.5,131.89945,2.34,1.32,79.5702
HD 149026 b,0.04313,7.331,114.10097,1.37,1.29,75.8643
HD 149026 b,0.04288,6.837,113.14748,1.29,1.27,75.8643
HD 149026 b,0.04364,9.09,102.34126,1.53,1.34,75.8643
HD 149026 b,0.042,8.127,114.8,1.45,1.3,75.8643
HD 152843 b,0.1053,3.41,11.56,1.43,1.15,107.898
HD 15337 b,0.0522,1.64,7.51,0.86,0.9,44.8155
HD 15337 b,0.05245,1.699,7.2,0.84,0.85,44.8155
HD 15337 c,0.1235,2.522,8.79,0.84,0.85,44.8155
HD 15337 c,0.1268,2.39,8.11,0.86,0.9,44.8155
HD 17156 b,0.16278,12.184,1028.18005,1.5,1.27,78.0863
HD 17156 b,0.1637,11.938,1036.76146,1.49,1.3,78.0863
HD 17156 b,0.1614,11.43,1023.37,1.44,1.24,78.0863
HD 183579 b,0.1322,3.49,20.4,0.96,1.0,57.2651
HD 183579 b,0.13,3.53,11.2,0.97,1.03,57.2651
HD 183579 b,0.1334,3.55,19.7,0.98,1.03,57.2651
HD 18599 b,0.048,2.6,24.1,0.77,0.86,38.5653
HD 18599 b,0.05,2.7,25.5,0.8,0.81,38.5653
HD 189733 b,0.0313,14.12,365.49,0.76,0.82,19.7638
HD 189733 b,0.03099,12.756,363.582,0.76,0.81,19.7638
HD 189733 b,0.03142,12.902,365.5045,0.75,0.84,19.7638
HD 189733 b,0.03106,12.543,370.58978,0.77,0.81,19.7638
HD 189733 b,0.031,12.756,356.92309,0.76,0.81,19.7638
HD 191939 b,0.079,3.395,9.6,0.93,0.82,53.6089
HD 191939 b,0.078,3.39,10.4,0.94,0.81,53.6089
HD 191939 b,0.0804,3.41,10.0,0.94,0.81,53.6089
HD 191939 c,0.171,3.182,6.1,0.93,0.82,53.6089
HD 191939 c,0.17,3.08,7.2,0.94,0.81,53.6089
HD 191939 c,0.1752,3.195,8.0,0.94,0.81,53.6089
HD 191939 d,0.209,3.117,2.2,0.93,0.82,53.6089
HD 191939 d,0.2132,2.995,2.8,0.94,0.81,53.6089
HD 191939 d,0.207,3.04,5.8,0.94,0.81,53.6089
HD 202772 A b,0.05208,17.318,323.23311,2.59,1.72,161.498
HD 20329 b,0.018,1.72,7.42,1.13,0.9,63.6796
HD 207496 b,0.0629,2.25,6.1,0.77,0.8,23.606
HD 207897 b,0.117,2.343,14.8,0.78,0.82,28.2938
HD 207897 b,0.1163,2.501,14.4,0.78,0.8,28.2938
HD 209458 b,0.04747,15.468,226.93062,1.16,1.15,48.3016
HD 209458 b,0.046,15.92,197.05,1.15,1.03,48.3016
HD 209458 b,0.04707,15.233,217.704,1.16,1.12,48.3016
HD 209458 b,0.04707,15.233,216.76006,1.16,1.12,48.3016
HD 209458 b,0.049,15.805,235.1942,1.2,1.26,48.3016
HD 209458 b,0.0467,14.24,200.22,1.1,1.1,48.3016
HD 213885 b,0.02012,1.745,8.83,1.1,1.07,48.0883
HD 21520 b,0.1726,2.697,17.7,1.04,1.09,79.208
HD 21749 c,0.0695,0.892,3.7,0.69,0.73,16.32
HD 219134 b,0.0382,1.606,4.33612,0.78,0.78,6.53127
HD 219134 b,0.03876,1.602,4.74,0.78,0.81,6.53127
HD 219134 c,0.0653,1.511,4.36,0.78,0.81,6.53127
HD 219134 d,0.237,1.61,16.17,0.78,0.81,6.53127
HD 219134 f,0.1463,1.31,7.3,0.78,0.81,6.53127
HD 219666 b,0.06356,4.71,16.6,1.03,0.92,94.1719
HD 221416 b,0.1228,9.17,60.5,2.94,1.21,95.5483
HD 22946 d,0.2958,2.607,26.57,1.12,1.1,62.7792
HD 23472 b,0.1162,2.0,8.32,0.71,0.67,39.0341
HD 23472 b,0.121,1.872,17.92,0.73,0.75,39.0341
HD 23472 c,0.17,2.149,17.18,0.73,0.75,39.0341
HD 23472 c,0.1646,1.87,3.41,0.71,0.67,39.0341
HD 23472 d,0.04298,0.75,0.55,0.71,0.67,39.0341
HD 23472 e,0.068,0.818,0.72,0.71,0.67,39.0341
HD 23472 f,0.0906,1.137,0.77,0.71,0.67,39.0341
HD 235088 b,0.071,2.075,4.2,0.8,0.85,41.1706
HD 25463 b,0.076,2.545,8.7,1.42,1.25,45.6181
HD 25463 b,0.076,2.62,8.5,1.41,1.19,45.6181
HD 25463 c,0.0443,1.364,4.3,1.42,1.25,45.6181
HD 25463 c,0.0435,1.5,4.1,1.41,1.19,45.6181
HD 260655 b,0.02933,1.24,2.14,0.44,0.44,10.0055
HD 260655 c,0.04749,1.533,3.09,0.44,0.44,10.0055
HD 2685 b,0.0568,16.141,371.8611,1.56,1.43,196.852
HD 28109 b,0.1357,2.199,18.496,1.45,1.26,139.611
HD 28109 c,0.308,4.23,7.943,1.45,1.26,139.611
HD 28109 d,0.411,3.25,5.681,1.45,1.26,139.611
HD 3167 b,0.01802,1.627,4.73,0.87,0.85,47.2899
HD 3167 b,0.01815,1.7,5.02,0.86,0.86,47.2899
HD 3167 b,0.01752,1.574,5.69,0.83,0.88,47.2899
HD 3167 b,0.01796,1.67,4.97,0.88,0.84,47.2899
HD 3167 c,0.1783,2.923,10.67,0.87,0.85,47.2899
HD 3167 c,0.1776,3.0,11.13,0.88,0.84,47.2899
HD 3167 c,0.1806,2.74,8.33,0.83,0.88,47.2899
HD 3167 c,0.1795,3.01,9.8,0.86,0.86,47.2899
HD 332231 b,0.145,9.073,74.1,1.27,1.16,80.6665
HD 332231 b,0.1436,9.718,77.55052,1.28,1.13,80.6665
HD 42813 b,0.111,3.41,9.1,0.98,0.9,68.192
HD 42813 b,0.109,3.36,5.8,0.97,0.94,68.192
HD 42813 b,0.11,3.426,5.9,0.98,0.95,68.192
HD 42813 b,0.107,3.48,9.6,0.98,0.89,68.192
HD 5278 b,0.1202,2.45,7.8,1.19,1.13,57.5846
HD 6061 b,0.06,2.428,10.0,1.01,1.03,67.6203
HD 6061 b,0.059,2.45,10.8,1.03,1.0,67.6203
HD 63433 b,0.072,2.164,37.3,0.92,0.99,22.4035
HD 63433 c,0.146,2.582,17.2,0.92,0.99,22.4035
HD 63454 b,0.0368,12.31,126.0,1.05,0.84,37.6894
HD 63935 b,0.083,2.916,10.5,0.96,0.94,48.9739
HD 63935 c,0.148,3.065,11.1,0.96,0.94,48.9739
HD 73344 b,0.131,2.884,10.48,1.22,1.2,35.26
HD 73583 b,0.0604,2.79,10.2,0.65,0.73,31.5666
HD 73583 b,0.05995,2.84,15.9,0.68,0.7,31.5666
HD 73583 c,0.1233,2.73,22.5,0.68,0.7,31.5666
HD 73583 c,0.1242,2.39,9.7,0.65,0.73,31.5666
HD 77946 b,0.072,2.705,8.38,1.31,1.17,99.451
HD 77946 b,0.073,2.896,10.9,1.32,1.2,99.451
HD 80606 b,0.4564,11.243,1307.55262,1.04,1.02,66.4711
HD 80606 b,0.449,10.98,1252.2,0.98,0.97,66.4711
HD 80606 b,0.4565,11.243,1308.18828,1.04,1.02,66.4711
HD 80653 b,0.0166,1.613,5.6,1.22,1.18,109.86
HD 80653 b,0.01661,1.613,5.72,1.22,1.18,109.86
HD 86226 c,0.049,2.16,7.25,1.05,1.02,45.683
HD 88986 b,0.58,2.49,17.2,1.54,1.25,33.2673
HD 89345 b,0.1115,7.263,38.45743,1.73,1.32,132.345
HD 89345 b,0.105,6.86,35.7,1.66,1.12,132.345
HD 89345 b,0.1066,7.398,34.9613,1.75,1.16,132.345
HD 93963 A b,0.02085,1.35,7.8,1.04,1.11,82.3432
HD 93963 A b,0.02061,1.47,2.8,1.03,1.08,82.3432
HD 93963 A c,0.04726,3.12,18.4,1.03,1.08,82.3432
HD 93963 A c,0.04813,3.228,19.2,1.04,1.11,82.3432
HD 95338 b,0.262,3.89,42.44,0.87,0.83,36.9941
HD 97658 b,0.0796,2.341,7.86,0.7,0.75,21.5618
HD 97658 b,0.08,2.247,7.55,0.74,0.77,21.5618
HIP 116454 b,0.07765,2.53,10.1,0.72,0.76,62.4491
HIP 116454 b,0.0906,2.53,11.82,0.72,0.78,62.4491
HIP 116454 b,0.0792,2.469,9.7,0.76,0.8,62.4491
HIP 29442 c,0.04518,1.551,4.5,0.98,0.9,68.192
HIP 29442 c,0.0436,1.58,4.5,0.98,0.89,68.192
HIP 29442 d,0.0649,1.37,5.1,0.98,0.89,68.192
HIP 29442 d,0.0673,1.538,5.14,0.98,0.9,68.192
HIP 65 A b,0.01782,22.754,1021.18779,0.72,0.78,61.7856
HIP 65426 b,92.0,16.814,2860.47,1.77,1.96,108.875
HIP 8152 b,0.092,2.56,7.8,0.95,0.91,101.694
HIP 8152 b,0.093,2.536,8.9,0.96,0.94,101.694
HIP 8152 c,0.138,2.48,9.4,0.95,0.91,101.694
HIP 8152 c,0.139,2.524,10.7,0.96,0.94,101.694
HIP 94235 b,0.0787,3.0,379.0,1.08,1.09,58.5146
HIP 9618 b,0.145,3.828,8.3,0.96,0.94,67.5478
HIP 9618 b,0.1438,3.9,10.0,0.97,1.02,67.5478
HIP 9618 b,0.144,3.75,8.4,0.95,0.93,67.5478
HIP 9618 c,0.268,3.34,7.9,0.95,0.93,67.5478
HIP 9618 c,0.2669,3.343,18.3,0.97,1.02,67.5478
HIP 9618 c,0.269,3.429,7.0,0.96,0.94,67.5478
HIP 97166 b,0.091,2.48,19.1,0.84,0.93,65.9501
HIP 97166 b,0.089,2.74,20.0,0.84,0.9,65.9501
K2-100 b,0.0301,3.88,21.8,1.24,1.15,188.959
K2-105 b,0.081,3.59,30.0,0.95,1.01,197.989
K2-107 b,0.048,16.141,266.9772,1.78,1.3,685.2
K2-108 b,0.0573,5.28,59.4,1.75,1.12,477.295
K2-110 b,0.10207,2.592,15.9,0.71,0.74,116.474
K2-110 b,0.1021,2.592,16.7,0.71,0.74,116.474
K2-111 b,0.057,1.82,5.29,1.25,0.84,200.394
K2-111 b,0.0621,1.9,8.6,1.23,0.88,200.394
K2-111 b,0.0565,1.82,5.58,1.25,0.84,200.394
K2-113 b,0.0558,10.424,410.0007,1.05,1.01,635.722
K2-114 b,0.0943,10.447,638.8351,0.82,0.86,475.758
K2-114 b,0.09309,10.559,587.9855,0.83,0.83,475.758
K2-115 b,0.1367,12.498,266.9772,0.88,0.83,413.591
K2-12 b,0.0792,2.44,5.2,1.12,0.96,326.381
K2-131 b,0.00936,1.69,7.9,0.76,0.8,152.509
K2-132 b,0.086,14.572,155.7367,3.85,1.08,609.818
K2-132 b,0.0916,12.207,157.32585,4.11,1.19,609.818
K2-136 b,0.0707,1.014,4.3,0.68,0.74,59.2474
K2-136 c,0.1185,3.0,18.1,0.68,0.74,59.2474
K2-136 d,0.1538,1.565,3.0,0.68,0.74,59.2474
K2-137 b,0.0058,0.89,158.915,0.44,0.46,98.8765
K2-138 b,0.03385,1.51,3.1,0.86,0.94,202.585
K2-138 c,0.04461,2.299,6.31,0.86,0.94,202.585
K2-138 d,0.05893,2.39,7.92,0.86,0.94,202.585
K2-138 e,0.0782,3.39,12.97,0.86,0.94,202.585
K2-138 f,0.10447,2.904,1.63,0.86,0.94,202.585
K2-138 g,0.23109,3.013,4.32,0.86,0.94,202.585
K2-139 b,0.179,9.057,123.00021,0.86,0.92,153.856
K2-140 b,0.068,13.563,295.58042,1.06,0.96,347.917
K2-140 b,0.0591,12.274,323.86877,0.99,1.0,347.917
K2-141 b,0.00747,1.51,4.97,0.68,0.71,61.8736
K2-141 b,0.00716,1.54,5.31,0.67,0.66,61.8736
K2-141 c,0.0683,7.0,8.0,0.68,0.71,61.8736
K2-146 b,0.0248,2.25,5.6,0.35,0.36,79.3002
K2-146 c,0.0327,2.59,7.1,0.35,0.36,79.3002
K2-167 b,0.091,2.3,6.5,1.49,1.01,80.8994
K2-18 b,0.1429,2.37,8.92,0.41,0.36,38.0266
K2-18 b,0.143,2.38,7.96,0.41,0.36,38.0266
K2-18 b,0.1591,2.61,8.63,0.44,0.5,38.0266
K2-180 b,0.075,2.242,11.44182,0.69,0.71,203.896
K2-182 b,0.0526,2.69,20.0,0.79,0.86,154.83
K2-19 b,0.0762,7.46,44.0,0.91,0.95,289.827
K2-19 c,0.1001,4.51,15.9,0.91,0.95,289.827
K2-199 b,0.0382,1.73,6.9,0.68,0.71,107.518
K2-199 c,0.0662,2.85,12.4,0.68,0.71,107.518
K2-216 b,0.028,1.75,8.0,0.72,0.7,115.461
K2-22 b,0.0088,2.5,444.962,0.57,0.6,243.836
K2-222 b,0.1206,2.35,8.7,1.11,0.99,101.321
K2-229 b,0.012888,1.164,2.59,0.79,0.84,102.564
K2-229 c,0.07577,2.12,21.3,0.79,0.84,102.564
K2-232 b,0.0991,11.859,123.00021,1.23,1.04,130.72
K2-232 b,0.10356,11.209,126.49634,1.16,1.19,130.72
K2-233 b,0.03308,1.343,11.26,0.71,0.79,67.5062
K2-233 c,0.06666,1.281,12.81,0.71,0.79,67.5062
K2-233 d,0.15224,2.358,21.14,0.71,0.79,67.5062
K2-237 b,0.037,18.495,508.528,1.43,1.28,314.995
K2-237 b,0.0353,18.405,392.83788,1.38,1.23,314.995
K2-237 b,0.03558,16.197,433.20012,1.26,1.26,314.995
K2-238 b,0.046,14.572,273.3338,1.59,1.19,537.963
K2-24 b,0.154,5.68,21.0,1.21,1.12,170.562
K2-24 c,0.247,7.82,27.0,1.21,1.12,170.562
K2-25 b,0.0287,3.44,24.5,0.29,0.26,44.9565
K2-260 b,0.0404,17.396,451.3186,1.69,1.39,663.834
K2-261 b,0.1087,9.505,67.69745,1.64,1.27,213.283
K2-261 b,0.1034,9.528,59.75174,1.64,1.09,213.283
K2-261 b,0.102,9.528,70.87609,1.65,1.1,213.283
K2-263 b,0.2573,2.41,14.9,0.85,0.88,162.481
K2-263 b,0.2573,2.41,14.8,0.85,0.88,162.481
K2-265 b,0.03376,1.71,6.54,0.98,0.92,138.671
K2-266 b,0.01306,3.3,11.26782,0.7,0.69,77.5586
K2-266 c,0.0679,0.705,0.29013,0.7,0.69,77.5586
K2-266 d,0.1035,2.93,8.9,0.7,0.69,77.5586
K2-266 e,0.1249,2.73,14.3,0.7,0.69,77.5586
K2-27 b,0.06702,4.48,30.9,0.89,0.87,249.645
K2-280 b,0.1461,7.5,37.1,1.28,1.03,391.537
K2-285 b,0.03817,2.59,9.68,0.79,0.83,154.961
K2-285 c,0.0824,3.53,15.68,0.79,0.83,154.961
K2-285 d,0.1178,2.48,6.5,0.79,0.83,154.961
K2-285 e,0.18041,1.95,10.7,0.79,0.83,154.961
K2-287 b,0.1206,9.494,100.11645,1.07,1.06,158.335
K2-29 b,0.04217,13.339,232.0159,0.86,0.94,178.475
K2-29 b,0.04097,11.209,194.82979,0.75,0.86,178.475
K2-290 b,0.0923,3.06,10.9,1.51,1.19,272.909
K2-290 c,0.305,11.276,246.00042,1.51,1.19,272.909
K2-291 b,0.03261,1.589,6.49,0.9,0.93,90.0562
K2-292 b,0.13,2.63,24.5,1.09,1.0,114.293
K2-295 b,0.0451,10.054,106.47305,0.7,0.74,232.801
K2-3 b,0.0747,2.078,5.11,0.55,0.55,44.0727
K2-3 b,0.0775,2.078,8.4,0.55,0.61,44.0727
K2-3 b,0.0778,2.25,6.47,0.6,0.62,44.0727
K2-3 b,0.0777,2.29,6.6,0.6,0.62,44.0727
K2-3 c,0.1357,1.582,2.68,0.55,0.55,44.0727
K2-3 c,0.1413,1.77,3.1,0.6,0.62,44.0727
K2-3 c,0.1414,1.69,3.3,0.6,0.62,44.0727
K2-3 c,0.1405,1.644,2.1,0.55,0.61,44.0727
K2-3 d,0.2086,1.53,11.1,0.55,0.61,44.0727
K2-3 d,0.2014,1.458,2.2,0.55,0.55,44.0727
K2-3 d,0.2097,1.65,1.8,0.6,0.62,44.0727
K2-3 d,0.2097,1.62,1.6,0.6,0.62,44.0727
K2-30 b,0.04839,11.646,184.02357,0.84,0.9,333.042
K2-30 b,0.0419,11.982,187.20187,0.84,0.92,333.042
K2-30 b,0.04986,13.406,198.00809,0.94,0.98,333.042
K2-31 b,0.022,11.882,563.83042,0.78,0.91,110.527
K2-32 b,0.0795,5.299,15.0,0.86,0.83,157.682
K2-32 b,0.08036,5.13,16.5,0.84,0.86,157.682
K2-32 c,0.1399,3.01,12.1,0.84,0.86,157.682
K2-32 c,0.13843,3.134,8.1,0.86,0.83,157.682
K2-32 d,0.1862,3.43,10.3,0.84,0.86,157.682
K2-32 d,0.18422,3.484,6.7,0.86,0.83,157.682
K2-32 e,0.04899,1.212,2.1,0.86,0.83,157.682
K2-329 b,0.1016,8.676,82.6358,0.82,0.9,233.237
K2-33 b,0.0409,5.76,1144.188,1.1,0.31,139.268
K2-34 b,0.04419,15.132,559.3808,1.53,1.28,348.646
K2-34 b,0.0465,15.435,539.67534,1.58,1.23,348.646
K2-34 b,0.0445,16.141,563.51259,1.66,1.31,348.646
K2-36 b,0.0223,1.43,3.9,0.72,0.79,109.749
K2-36 b,0.02288,1.43,4.3,0.72,0.79,109.749
K2-36 c,0.054,3.2,7.8,0.72,0.79,109.749
K2-36 c,0.05528,3.2,7.9,0.72,0.79,109.749
K2-38 b,0.0503,1.655,7.7,1.14,1.05,192.69
K2-38 b,0.0506,1.55,12.0,1.1,1.07,192.69
K2-38 b,0.04994,1.54,7.3,1.06,1.03,192.69
K2-38 c,0.0964,2.42,9.9,1.1,1.07,192.69
K2-38 c,0.09514,2.29,8.3,1.06,1.03,192.69
K2-38 c,0.0959,2.49,7.4,1.14,1.05,192.69
K2-39 b,0.0574,5.71,39.8,2.93,1.19,307.47
K2-39 b,0.062,8.2,50.3,3.88,1.53,307.47
K2-415 b,0.027,1.015,7.5,0.2,0.16,21.8182
K2-416 b,0.088,2.66,1652.70772,0.55,0.55,120.311
K2-417 b,0.063,3.31,699.2225,0.58,0.57,94.0424
K2-419 A b,0.1208,10.55,196.0,0.54,0.56,268.685
K2-60 b,0.045,7.656,135.39558,1.12,0.97,491.87
K2-66 b,0.05983,2.49,21.3,1.67,1.11,513.877
K2-79 b,0.0988,4.09,9.2,1.26,1.07,256.011
K2-97 b,0.081,14.684,152.5584,4.2,1.16,878.43
K2-98 b,0.0943,4.3,32.2,1.31,1.07,518.625
K2-99 b,0.159,14.46,308.2951,3.1,1.6,519.229
KELT-1 b,0.02466,12.442,8654.15,1.46,1.32,268.43
KELT-10 b,0.0525,15.681,215.80657,1.21,1.11,188.404
KELT-11 b,0.06229,15.356,61.97685,2.72,1.44,99.1596
KELT-12 b,0.06708,19.952,301.9385,2.37,1.59,368.03
KELT-14 b,0.02956,17.038,380.12468,1.37,1.18,250.121
KELT-14 b,0.03005,19.537,408.09372,1.52,1.24,250.121
KELT-15 b,0.04613,16.175,289.2253,1.48,1.18,324.683
KELT-16 b,0.02044,15.861,874.0325,1.36,1.21,444.586
KELT-17 b,0.04881,17.094,416.3573,1.65,1.64,226.5
KELT-18 b,0.0455,17.598,375.0394,1.91,1.52,321.376
KELT-19 A b,0.0637,21.409,1293.5681,1.83,1.62,300.276
KELT-2 A b,0.05496,14.415,483.717,1.83,1.31,134.058
KELT-2 A b,0.05497,14.46,485.32641,1.83,1.31,134.058
KELT-20 b,0.0542,19.515,1074.90106,1.56,1.76,136.426
KELT-20 b,0.057,20.512,5403.11,1.6,1.89,136.426
KELT-21 b,0.05224,17.777,1242.7153,1.64,1.46,470.878
KELT-23 A b,0.03302,14.83,298.12454,1.0,0.94,126.261
KELT-24 b,0.06969,14.258,1646.3594,1.51,1.46,96.5173
KELT-24 b,0.067,15.244,1334.87931,1.52,1.3,96.5173
KELT-24 b,0.0665,12.711,1458.83239,1.34,1.27,96.5173
KELT-3 b,0.04123,15.076,469.75274,1.47,1.28,210.252
KELT-3 b,0.04122,15.076,469.415,1.47,1.28,210.252
KELT-4 A b,0.04317,19.044,286.68266,1.6,1.2,218.05
KELT-6 b,0.0804,13.227,140.48086,1.53,1.13,240.726
KELT-6 b,0.08,13.227,141.0,1.53,1.13,240.726
KELT-6 b,0.07939,13.372,136.661,1.58,1.08,240.726
KELT-7 b,0.04415,17.183,406.8224,1.73,1.53,136.681
KELT-8 b,0.0455,20.849,272.69814,1.67,1.21,197.572
KELT-8 b,0.04571,20.849,275.55861,1.67,1.21,197.572
KELT-9 b,0.03462,21.196,915.3504,2.36,2.52,204.455
KOI-12 b,0.154,13.787,349.613,1.4,1.5,399.398
KOI-12 b,0.151,16.029,3178.3,1.63,1.45,399.398
KOI-13 b,0.03641,16.948,2949.4624,1.74,1.72,519.096
KOI-1599.01,0.14728,1.9,4.6,0.97,1.02,1131.64
KOI-1599.02,0.112293,1.9,9.0,0.97,1.02,1131.64
KOI-2513.01,0.5,2.802,7310.05336,1.2,0.91,1369.87
KOI-3680 b,0.534,11.097,613.4119,0.96,1.01,921.986
KOI-4777.01,0.008,0.51,99.2,0.4,0.41,172.245
KOI-55 b,0.006,0.759,0.44,0.2,0.5,1231.02
KOI-55 c,0.0076,0.867,0.655,0.2,0.5,1231.02
KOI-94 b,0.05119,1.71,10.5,1.52,1.28,477.052
KOI-94 c,0.1013,4.32,15.6,1.52,1.28,477.052
KOI-94 d,0.1684,11.27,106.0,1.52,1.28,477.052
KOI-94 e,0.3046,6.56,35.0,1.52,1.28,477.052
KPS-1 b,0.0269,11.545,346.4347,0.91,0.89,262.706
Kepler-10 b,0.0172,1.481,4.60853,1.06,0.91,185.506
Kepler-10 b,0.01685,1.47,3.33,1.06,0.91,185.506
Kepler-10 b,0.01685,1.47,3.72,1.06,0.91,185.506
Kepler-10 b,0.01684,1.416,4.56,1.06,0.9,185.506
Kepler-10 b,0.01685,1.47,3.26,1.06,0.91,185.506
Kepler-10 b,0.01687,1.46,4.6,1.06,0.91,185.506
Kepler-10 c,0.241,2.355,11.4,1.06,0.91,185.506
Kepler-10 c,0.2407,2.227,20.0,1.06,0.9,185.506
Kepler-10 c,0.241,2.35,13.98,1.06,0.91,185.506
Kepler-101 b,0.0474,5.77,51.1,1.56,1.17,927.981
Kepler-101 c,0.0684,1.25,3.78,1.56,1.17,927.981
Kepler-102 b,0.05521,0.46,1.1,0.72,0.8,107.796
Kepler-102 c,0.06702,0.567,1.7,0.72,0.8,107.796
Kepler-102 d,0.08618,1.154,3.0,0.72,0.8,107.796
Kepler-102 e,0.1162,2.17,4.7,0.72,0.8,107.796
Kepler-102 f,0.1656,0.861,4.3,0.72,0.8,107.796
Kepler-103 b,0.13223,3.486,9.8,1.49,1.21,494.832
Kepler-103 c,0.6639,5.45,38.0,1.49,1.21,494.832
Kepler-107 b,0.04544,1.536,3.51,1.45,1.24,525.997
Kepler-107 b,0.04544,1.536,3.8,1.45,1.24,525.997
Kepler-107 c,0.06064,1.597,10.0,1.45,1.24,525.997
Kepler-107 c,0.06064,1.597,9.39,1.45,1.24,525.997
Kepler-107 d,0.08377,0.86,3.8,1.45,1.24,525.997
Kepler-107 d,0.08377,0.86,7.7,1.45,1.24,525.997
Kepler-107 e,0.12639,2.903,8.6,1.45,1.24,525.997
Kepler-107 e,0.12638,2.903,14.1,1.45,1.24,525.997
Kepler-109 b,0.0701,2.49,4.9,1.39,1.09,474.861
Kepler-109 c,0.1546,2.65,8.2,1.39,1.09,474.861
Kepler-11 b,0.091,1.97,4.3,1.1,0.95,646.346
Kepler-11 b,0.091,1.8,1.9,1.06,0.96,646.346
Kepler-11 c,0.106,3.15,13.5,1.1,0.95,646.346
Kepler-11 c,0.107,2.87,2.9,1.06,0.96,646.346
Kepler-11 d,0.155,3.12,7.3,1.06,0.96,646.346
Kepler-11 d,0.159,3.43,6.1,1.1,0.95,646.346
Kepler-11 e,0.194,4.52,8.4,1.1,0.95,646.346
Kepler-11 e,0.195,4.19,8.0,1.06,0.96,646.346
Kepler-11 f,0.25,2.49,2.0,1.06,0.96,646.346
Kepler-11 f,0.25,2.61,2.3,1.1,0.95,646.346
Kepler-11 g,0.462,3.66,300.0,1.1,0.95,646.346
Kepler-11 g,0.466,3.33,25.0,1.06,0.96,646.346
Kepler-111 c,0.751,7.084,222.47988,1.15,1.12,657.223
Kepler-117 b,0.1445,8.059,29.875,1.61,1.13,1455.57
Kepler-117 c,0.2804,12.341,584.78,1.61,1.13,1455.57
Kepler-12 b,0.0556,18.999,136.979,1.48,1.17,881.386
Kepler-12 b,0.0555,19.123,136.6669,1.49,1.16,881.386
Kepler-12 b,0.0553,19.661,137.30256,1.48,1.17,881.386
Kepler-12 b,0.05563,18.999,137.62039,1.48,1.17,881.386
Kepler-129 b,0.13,2.4,20.0,1.65,1.18,408.845
Kepler-129 c,0.39,2.52,43.0,1.65,1.18,408.845
Kepler-138 b,0.076,0.701,0.187,0.58,0.55,66.8624
Kepler-138 b,0.0753,0.64,0.07,0.54,0.54,66.8624
Kepler-138 c,0.0913,1.51,2.3,0.54,0.54,66.8624
Kepler-138 c,0.0922,1.67,5.2,0.58,0.55,66.8624
Kepler-138 d,0.1288,1.51,2.1,0.54,0.54,66.8624
Kepler-138 d,0.1301,1.68,1.17,0.58,0.55,66.8624
Kepler-15 b,0.05714,10.76,209.76,0.99,1.02,739.412
Kepler-15 b,0.0583,14.448,221.20968,1.25,1.08,739.412
Kepler-15 b,0.05705,10.761,201.18639,0.99,1.02,739.412
Kepler-1514 b,0.753,12.42,1678.1424,1.29,1.2,397.292
Kepler-16 b,0.7048,8.449,105.833,0.65,0.69,75.0852
Kepler-1647 b,2.7205,11.874,483.0,1.79,1.22,1212.45
Kepler-1654 b,2.026,9.18,158.915,1.18,1.01,568.117
Kepler-1655 b,0.103,2.213,5.0,1.03,1.03,213.26
Kepler-1655 b,0.1029,2.213,5.4,1.03,1.03,213.26
Kepler-1656 b,0.197,5.02,48.6,1.1,1.03,185.875
Kepler-1658 b,0.0544,11.994,1868.8404,2.89,1.45,788.238
Kepler-1661 b,0.633,3.87,17.0,0.76,0.84,410.607
Kepler-167 e,1.883,10.16,321.00669,0.75,0.78,341.908
Kepler-17 b,0.0268,14.908,785.0401,1.05,1.16,720.753
Kepler-17 b,0.02591,14.68,778.65,1.01,1.04,720.753
Kepler-17 b,0.02605,14.684,743.7222,0.98,1.07,720.753
Kepler-1704 b,2.027,11.949,1322.16617,1.7,1.13,835.455
Kepler-1708 b,1.64,9.96,1462.01067,1.12,1.09,1666.69
Kepler-18 b,0.0447,2.0,6.9,1.11,0.97,433.047
Kepler-18 c,0.0752,5.49,17.3,1.11,0.97,433.047
Kepler-18 d,0.1172,6.98,16.4,1.11,0.97,433.047
Kepler-1876 b,0.0758,0.853,2.4,1.48,1.19,259.935
Kepler-19 b,0.0846,2.209,6.1,0.86,0.94,218.562
Kepler-20 b,0.04565,1.773,9.7,0.92,0.93,282.563
Kepler-20 b,0.04537,1.91,8.7,0.94,0.91,282.563
Kepler-20 b,0.0463,1.868,9.7,0.96,0.95,282.563
Kepler-20 c,0.093,3.07,16.1,0.94,0.91,282.563
Kepler-20 c,0.0949,3.047,12.75,0.96,0.95,282.563
Kepler-20 c,0.0936,2.894,11.1,0.92,0.93,282.563
Kepler-20 d,0.3506,2.744,10.07,0.96,0.95,282.563
Kepler-20 d,0.3453,2.75,20.1,0.94,0.91,282.563
Kepler-20 d,0.3474,2.606,13.4,0.92,0.93,282.563
Kepler-20 e,0.0637,0.821,0.76,0.92,0.93,282.563
Kepler-20 f,0.1387,0.952,1.4,0.92,0.93,282.563
Kepler-21 b,0.0434,1.639,7.5,1.9,1.41,108.522
Kepler-21 b,0.042717,1.639,5.08,1.9,1.41,108.522
Kepler-21 b,0.042507,1.635,10.4,1.86,1.34,108.522
Kepler-22 b,0.849,2.38,36.0,0.98,0.97,194.642
Kepler-22 b,0.812,2.1,9.1,0.87,0.86,194.642
Kepler-23 b,0.075,1.9,254.3,1.52,1.11,835.756
Kepler-23 c,0.099,3.2,858.1,1.52,1.11,835.756
Kepler-24 b,0.08,2.4,508.5,1.07,1.03,1156.81
Kepler-24 c,0.106,2.8,508.5,1.07,1.03,1156.81
Kepler-25 b,0.068,2.6,4036.3,1.36,1.22,243.249
Kepler-25 c,0.11,4.5,1322.12,1.36,1.22,243.249
Kepler-26 b,0.085,3.6,120.77,0.59,0.65,335.307
Kepler-26 c,0.107,3.6,119.181,0.59,0.65,335.307
Kepler-27 b,0.118,4.0,2895.31,0.59,0.65,1044.36
Kepler-27 c,0.191,4.9,4385.87,0.59,0.65,1044.36
Kepler-28 b,0.062,3.6,479.9,0.7,0.75,438.359
Kepler-28 c,0.081,3.4,432.23,0.7,0.75,438.359
Kepler-289 b,0.21,2.15,7.3,1.0,1.08,704.438
Kepler-289 c,0.51,11.59,132.0,1.0,1.08,704.438
Kepler-289 d,0.33,2.68,4.0,1.0,1.08,704.438
Kepler-29 b,0.09,3.6,127.1,0.96,1.0,832.532
Kepler-29 c,0.11,2.9,95.3,0.96,1.0,832.532
Kepler-30 b,0.18,3.6,63.566,0.95,0.99,914.221
Kepler-30 b,0.18,3.9,11.3,0.95,0.99,914.221
Kepler-30 c,0.3,14.3,2892.253,0.95,0.99,914.221
Kepler-30 c,0.3,12.3,640.0,0.95,0.99,914.221
Kepler-30 d,0.5,10.6,5403.11,0.95,0.99,914.221
Kepler-30 d,0.5,8.8,23.1,0.95,0.99,914.221
Kepler-31 c,0.26,5.3,1493.7,1.22,1.21,1664.64
Kepler-31 d,0.4,3.9,2161.244,1.22,1.21,1664.64
Kepler-32 b,0.05,2.2,1303.0,0.53,0.58,323.847
Kepler-32 c,0.09,2.0,158.9,0.53,0.58,323.847
Kepler-323 b,0.02778,1.381,3.9,1.12,1.01,454.883
Kepler-323 c,0.0458,1.57,6.8,1.12,1.01,454.883
Kepler-34 b,1.0896,8.564,69.92,1.16,1.05,1800.82
Kepler-35 b,0.60347,8.16,40.363,1.03,0.89,1819.17
Kepler-36 b,0.1153,1.486,4.45,1.63,1.07,527.956
Kepler-36 c,0.1283,3.679,8.08,1.63,1.07,527.956
Kepler-37 b,0.1019,0.31,0.79,0.79,0.79,63.9207
Kepler-37 c,0.139,0.755,1.3,0.79,0.79,63.9207
Kepler-37 d,0.2109,2.03,2.0,0.79,0.79,63.9207
Kepler-38 b,0.4632,4.3,122.0,1.75,0.94,1174.59
Kepler-39 b,0.1635,13.899,6388.383,1.4,1.29,1057.41
Kepler-39 b,0.1539,12.24,5689.157,1.23,1.08,1057.41
Kepler-39 b,0.155,13.68,5720.7,1.39,1.1,1057.41
Kepler-39 b,0.164,13.9,6388.1,1.4,1.29,1057.41
Kepler-4 b,0.0456,4.002,24.472,1.49,1.22,487.916
Kepler-4 b,0.0449,4.125,23.83725,1.48,1.17,487.916
Kepler-40 b,0.08,13.11,699.2,2.13,1.48,2305.01
Kepler-40 b,0.0802,16.141,686.5128,2.48,1.46,2305.01
Kepler-40 b,0.0804,16.141,657.9081,2.48,1.46,2305.01
Kepler-40 b,0.0795,14.235,673.7996,2.24,1.42,2305.01
Kepler-409 b,0.3192,1.199,6.0,0.9,0.91,68.173
Kepler-41 b,0.02895,9.55,156.69019,0.94,0.94,1093.08
Kepler-41 b,0.03,9.98,174.8,1.02,1.12,1093.08
Kepler-41 b,0.02396,11.657,177.9848,1.02,1.12,1093.08
Kepler-41 b,0.03097,14.46,179.89178,1.29,1.15,1093.08
Kepler-41 b,0.03101,14.46,177.98,1.29,1.15,1093.08
Kepler-411 b,0.0375,2.401,25.6,0.82,0.87,153.676
Kepler-411 c,0.0739,4.421,26.4,0.82,0.87,153.676
Kepler-411 d,0.279,3.319,15.2,0.82,0.87,153.676
Kepler-412 b,0.02897,15.031,299.07803,1.29,1.17,1086.24
Kepler-412 b,0.02961,14.852,294.62841,1.29,1.17,1086.24
Kepler-412 b,0.02959,14.852,298.43,1.29,1.17,1086.24
Kepler-413 b,0.3553,4.347,67.0,0.78,0.82,847.536
Kepler-419 b,0.37,10.8,794.5,1.74,1.39,1011.36
Kepler-419 b,0.3704,10.761,820.0014,1.75,1.39,1011.36
Kepler-422 b,0.082,12.89,136.66,1.24,1.15,722.795
Kepler-422 b,0.0813,12.89,155.7367,1.24,1.15,722.795
Kepler-423 b,0.0396,13.45,228.83,0.99,1.07,758.753
Kepler-423 b,0.03582,13.361,192.60498,0.95,0.85,758.753
Kepler-423 b,0.03585,13.361,189.101,0.95,0.85,758.753
Kepler-424 b,0.04365,9.976,341.98508,0.94,1.01,698.646
Kepler-424 b,0.044,9.98,327.35,0.94,1.01,698.646
Kepler-425 b,0.04652,10.962,71.82958,0.86,0.93,646.647
Kepler-425 b,0.0464,10.962,79.45,0.86,0.93,646.647
Kepler-426 b,0.0414,12.22,108.06,0.92,0.91,843.695
Kepler-426 b,0.04135,12.218,107.10871,0.92,0.91,843.695
Kepler-427 b,0.0913,13.787,92.80636,1.35,0.96,1017.8
Kepler-427 b,0.091,13.79,92.17,1.35,0.96,1017.8
Kepler-428 b,0.04331,12.106,406.8224,0.8,0.87,686.284
Kepler-428 b,0.0433,12.11,403.63,0.8,0.87,686.284
Kepler-43 b,0.0449,13.45,1026.55,1.42,1.32,1005.84
Kepler-43 b,0.04436,13.002,997.9862,1.38,1.27,1005.84
Kepler-43 b,0.046,13.664,1026.5909,1.42,1.32,1005.84
Kepler-43 b,0.044,12.498,982.0947,1.33,1.24,1005.84
Kepler-43 b,0.0444,13.0,994.77,1.38,1.27,1005.84
Kepler-43 b,0.044,12.55,962.98,1.34,1.23,1005.84
Kepler-432 b,0.3025,12.834,182.75225,4.12,1.35,848.023
Kepler-432 b,0.3034,12.554,1547.77,4.16,1.35,848.023
Kepler-432 b,0.301,12.834,1719.4603,4.06,1.32,848.023
Kepler-433 b,0.0678,16.253,893.1023,2.26,1.46,1878.31
Kepler-433 b,0.0679,16.25,896.24,2.26,1.46,1878.31
Kepler-434 b,0.1142,12.666,947.1334,1.38,1.2,1222.54
Kepler-434 b,0.1143,12.67,908.96,1.38,1.2,1222.54
Kepler-435 b,0.0948,22.31,266.97,3.21,1.54,1418.77
Kepler-435 b,0.0949,22.306,270.1555,3.21,1.54,1418.77
Kepler-44 b,0.0455,13.9,324.17,1.52,1.19,1188.0
Kepler-44 b,0.0457,13.451,327.3649,1.46,1.21,1188.0
Kepler-44 b,0.0446,12.22,317.82,1.35,1.12,1188.0
Kepler-44 b,0.0446,12.218,311.79123,1.35,1.12,1188.0
Kepler-447 b,0.0769,18.49,435.41,1.05,1.0,268.041
Kepler-45 b,0.02954,11.198,158.915,0.54,0.57,381.949
Kepler-45 b,0.03,10.76,160.497,0.55,0.59,381.949
Kepler-45 b,0.02987,10.761,153.82972,0.55,0.59,381.949
Kepler-453 b,0.7903,6.204,16.0,0.83,0.94,442.846
Kepler-454 b,0.0954,2.37,6.84,1.07,1.03,230.869
Kepler-454 b,0.09528,2.37,5.4,1.07,1.03,230.869
Kepler-46 b,0.1968,9.057,1907.0,0.94,0.9,777.06
Kepler-46 b,0.1971,9.079,281.27955,0.94,0.9,777.06
Kepler-47 b,0.2877,3.05,2.07,0.94,0.96,1025.02
Kepler-47 b,0.2962,3.03,636.0,0.96,1.05,1025.02
Kepler-47 c,0.991,4.62,8899.0,0.96,1.05,1025.02
Kepler-47 c,0.9638,4.65,3.17,0.94,0.96,1025.02
Kepler-47 d,0.6992,7.04,19.02,0.94,0.96,1025.02
Kepler-5 b,0.05071,16.04,675.70658,1.79,1.37,899.777
Kepler-5 b,0.0538,15.984,670.93913,1.79,1.37,899.777
Kepler-5 b,0.04967,13.563,648.3732,1.54,1.3,899.777
Kepler-5 b,0.05064,16.04,671.864,1.79,1.37,899.777
Kepler-51 b,0.2514,7.1,2.1,0.94,1.04,783.831
Kepler-51 c,0.384,9.0,4.0,0.94,1.04,783.831
Kepler-51 d,0.509,9.7,7.6,0.94,1.04,783.831
Kepler-538 b,0.3554,2.215,12.9,0.87,0.89,155.956
Kepler-538 b,0.4669,2.215,10.6,0.87,0.89,155.956
Kepler-539 b,0.4988,8.373,308.2951,0.95,1.05,307.318
Kepler-553 b,0.04766,4.741,116.00737,0.9,0.89,728.525
Kepler-553 c,0.898,11.579,2129.45033,0.9,0.89,728.525
Kepler-56 b,0.1028,6.51,22.1,4.23,1.32,912.994
Kepler-56 c,0.1652,9.8,181.0,4.23,1.32,912.994
Kepler-6 b,0.04448,13.103,205.63601,1.26,1.11,587.039
Kepler-6 b,0.04852,14.617,212.31044,1.39,1.21,587.039
Kepler-6 b,0.04438,13.103,201.18639,1.26,1.11,587.039
Kepler-6 b,0.04567,14.83,212.619,1.39,1.21,587.039
Kepler-62 b,0.0553,1.31,9.0,0.64,0.69,300.874
Kepler-62 c,0.0929,0.54,4.0,0.64,0.69,300.874
Kepler-62 d,0.12,1.95,14.0,0.64,0.69,300.874
Kepler-62 e,0.427,1.61,36.0,0.64,0.69,300.874
Kepler-62 f,0.718,1.41,35.0,0.64,0.69,300.874
Kepler-63 b,0.08,6.11,120.0,0.9,0.98,194.033
Kepler-643 b,0.126,12.778,321.0083,2.69,1.15,1063.58
Kepler-68 b,0.0617,2.31,8.3,1.24,1.08,144.166
Kepler-68 b,0.06135,2.357,8.03,1.26,1.06,144.166
Kepler-68 c,0.09059,0.953,4.8,1.24,1.08,144.166
Kepler-68 c,0.09008,0.979,1.3,1.26,1.06,144.166
Kepler-7 b,0.06224,16.567,137.615,1.84,1.35,922.562
Kepler-7 b,0.06324,18.484,143.97699,2.03,1.41,922.562
Kepler-7 b,0.06067,18.181,140.16303,1.97,1.36,922.562
Kepler-7 b,0.0613,17.957,135.07775,1.97,1.28,922.562
Kepler-7 b,0.0633,18.484,142.70567,2.03,1.41,922.562
Kepler-74 b,0.07813,10.761,191.96932,1.12,1.18,1177.55
Kepler-74 b,0.084,14.8,216.12,1.51,1.4,1177.55
Kepler-74 b,0.0781,10.76,200.22,1.12,1.18,1177.55
Kepler-75 b,0.08,11.55,3146.4,0.88,0.88,835.356
Kepler-75 b,0.0817,11.769,3210.083,0.89,0.91,835.356
Kepler-75 b,0.0818,11.77,3209.9,0.89,0.91,835.356
Kepler-76 b,0.0274,15.244,638.8383,1.32,1.2,822.96
Kepler-76 b,0.0278,14.011,635.66,1.32,1.2,822.96
Kepler-77 b,0.047,10.76,225.65,0.99,1.08,639.411
Kepler-77 b,0.04502,10.761,165.90726,0.99,0.95,639.411
Kepler-77 b,0.04501,10.761,136.661,0.99,0.95,639.411
Kepler-78 b,0.00901,1.201,1.68,0.75,0.78,124.376
Kepler-79 b,0.117,3.47,10.9,1.3,1.17,1020.72
Kepler-79 c,0.187,3.72,5.9,1.3,1.17,1020.72
Kepler-79 d,0.287,7.16,6.0,1.3,1.17,1020.72
Kepler-79 e,0.386,3.49,4.1,1.3,1.17,1020.72
Kepler-8 b,0.0474,15.872,187.5197,1.49,1.21,1021.87
Kepler-8 b,0.04835,15.906,177.9848,1.49,1.21,1021.87
Kepler-8 b,0.0483,15.906,191.643,1.49,1.21,1021.87
Kepler-8 b,0.0485,15.48,187.5197,1.5,1.23,1021.87
Kepler-80 b,0.0648,2.67,6.93,0.68,0.73,369.451
Kepler-80 c,0.0792,2.74,6.74,0.68,0.73,369.451
Kepler-80 d,0.0372,1.53,6.75,0.68,0.73,369.451
Kepler-80 e,0.0491,1.6,4.13,0.68,0.73,369.451
Kepler-82 b,0.1683,4.07,12.15,0.9,0.91,904.326
Kepler-82 c,0.2626,5.34,13.9,0.9,0.91,904.326
Kepler-849 b,1.137,8.082,298.7587,1.82,1.26,822.134
Kepler-87 b,0.481,13.49,324.2,1.82,1.1,1232.9
Kepler-87 c,0.676,6.14,6.4,1.82,1.1,1232.9
Kepler-9 b,0.143,8.29,43.4,0.96,1.02,628.257
Kepler-9 b,0.14,9.438,80.09,1.05,1.03,628.257
Kepler-9 c,0.225,9.225,54.347,1.05,1.03,628.257
Kepler-9 c,0.227,8.08,29.9,0.96,1.02,628.257
Kepler-91 b,0.0731,15.323,257.4423,6.3,1.31,1294.69
Kepler-91 b,0.072,15.513,279.68,6.3,1.31,1294.69
Kepler-93 b,0.053,1.478,4.02,0.92,1.0,95.9115
Kepler-93 b,0.05343,1.478,4.66,0.92,0.91,95.9115
L 168-9 b,0.02091,1.39,4.6,0.6,0.62,25.1496
L 168-9 b,0.0208,1.63,4.07,0.6,0.61,25.1496
L 98-59 b,0.02191,0.85,0.4,0.3,0.27,10.6194
L 98-59 b,0.02282,0.8,1.01,0.31,0.31,10.6194
L 98-59 c,0.0304,1.385,2.22,0.3,0.27,10.6194
L 98-59 c,0.0317,1.35,2.42,0.31,0.31,10.6194
L 98-59 d,0.0506,1.57,2.31,0.31,0.31,10.6194
L 98-59 d,0.0486,1.521,1.94,0.3,0.27,10.6194
LHS 1140 b,0.0875,1.43,6.65,0.19,0.15,14.9861
LHS 1140 b,0.0936,1.727,6.98,0.21,0.18,14.9861
LHS 1140 b,0.0946,1.73,5.6,0.22,0.18,14.9861
LHS 1140 b,0.0957,1.635,6.38,0.21,0.19,14.9861
LHS 1140 c,0.02675,1.282,1.81,0.21,0.18,14.9861
LHS 1140 c,0.02734,1.169,1.76,0.21,0.19,14.9861
LHS 1140 c,0.027,1.272,1.91,0.22,0.18,14.9861
LHS 1478 b,0.01848,1.242,2.33,0.25,0.24,18.2276
LHS 1678 b,0.01251,0.696,0.35,0.33,0.34,19.8782
LHS 1678 c,0.0331,0.982,1.4,0.33,0.34,19.8782
LHS 1815 b,0.0404,1.088,8.7,0.5,0.5,29.8424
LP 714-47 b,0.0417,4.7,30.8,0.58,0.59,52.616
LP 791-18 c,0.02961,2.438,7.1,0.18,0.14,26.4927
LP 791-18 d,0.01992,1.032,0.9,0.18,0.14,26.4927
LP 890-9 b,0.01875,1.32,13.2,0.16,0.12,32.4298
LP 890-9 c,0.03984,1.367,25.3,0.16,0.12,32.4298
LTT 1445 A b,0.03807,1.38,2.2,0.28,0.26,6.86929
LTT 1445 A b,0.0381,1.34,2.73,0.27,0.26,6.86929
LTT 1445 A b,0.03813,1.305,2.87,0.27,0.26,6.86929
LTT 1445 A c,0.02661,1.147,1.54,0.27,0.26,6.86929
LTT 1445 A c,0.02659,1.07,1.37,0.27,0.26,6.86929
LTT 3780 b,0.01195,1.325,2.46,0.38,0.38,21.9814
LTT 3780 b,0.01211,1.332,2.62,0.37,0.4,21.9814
LTT 3780 b,0.01203,1.35,2.34,0.38,0.38,21.9814
LTT 3780 c,0.0762,2.42,6.29,0.38,0.38,21.9814
LTT 3780 c,0.07673,2.3,8.6,0.37,0.4,21.9814
LTT 3780 c,0.0757,2.39,8.04,0.38,0.38,21.9814
LTT 9779 b,0.01679,4.72,29.32,0.95,0.77,80.4373
Lupus-TR-3 b,0.0464,9.976,257.431,0.82,0.87,773.409
MASCARA-1 b,0.043,16.814,1175.971,2.1,1.72,182.273
MASCARA-4 b,0.047,17.15,985.273,1.92,1.75,170.696
NGTS-1 b,0.0326,14.908,258.07796,0.57,0.62,218.121
NGTS-11 b,0.201,9.158,109.33352,0.83,0.86,190.422
NGTS-12 b,0.0757,11.747,66.10864,1.59,1.02,446.442
NGTS-13 b,0.0549,12.801,1538.2972,1.79,1.3,647.595
NGTS-14 A b,0.0403,4.977,29.24036,0.84,0.9,322.148
NGTS-15 b,0.0441,12.33,238.68913,0.95,0.99,786.485
NGTS-16 b,0.0523,14.572,211.99155,1.21,1.0,898.168
NGTS-17 b,0.0391,13.899,242.8209,1.34,1.02,1040.28
NGTS-18 b,0.0448,13.563,129.99182,1.39,1.0,1096.19
NGTS-2 b,0.063,17.878,235.1942,1.7,1.64,356.391
NGTS-20 b,0.313,11.994,947.12865,1.78,1.47,382.898
NGTS-21 b,0.0236,14.908,750.07504,0.86,0.72,592.891
NGTS-23 b,0.0504,14.202,194.82881,1.24,1.01,1074.95
NGTS-24 b,0.0479,13.608,165.27077,1.64,1.26,683.062
NGTS-25 b,0.0388,11.467,203.09235,0.86,0.91,521.233
NGTS-26 b,0.049,14.886,92.80589,1.16,0.96,1093.69
NGTS-27 b,0.0446,15.648,188.47225,1.77,1.07,942.122
NGTS-3 A b,0.023,16.589,756.4354,0.93,1.02,743.972
NGTS-30 b,0.408,10.402,305.11527,0.91,0.94,238.377
NGTS-4 b,0.019,3.18,20.6,0.84,0.75,280.555
NGTS-5 b,0.0382,12.733,72.78307,0.74,0.66,306.779
NGTS-6 b,0.01677,14.863,425.57437,0.75,0.77,308.262
NGTS-8 b,0.035,12.218,295.5819,0.98,0.89,428.976
NGTS-9 b,0.058,11.994,921.707,1.38,1.34,609.128
OGLE-TR-10 b,0.04516,19.279,216.1244,1.52,1.28,1344.97
OGLE-TR-10 b,0.0435,14.011,359.1479,1.17,1.14,1344.97
OGLE-TR-10 b,0.0434,14.011,197.046,1.17,1.14,1344.97
OGLE-TR-10 b,0.04162,13.899,181.1631,1.0,1.0,1344.97
OGLE-TR-111 b,0.04689,11.781,247.9074,0.83,0.85,1068.33
OGLE-TR-111 b,0.04676,11.332,174.8065,0.82,0.85,1068.33
OGLE-TR-111 b,0.04651,12.072,171.6282,0.84,0.83,1068.33
OGLE-TR-111 b,0.04689,11.781,174.799,0.83,0.85,1068.33
OGLE-TR-111 b,0.047,11.209,168.4499,0.85,0.82,1068.33
OGLE-TR-111 b,0.047,11.265,168.4499,0.83,0.82,1068.33
OGLE-TR-113 b,0.0228,12.106,429.0705,0.77,0.77,566.459
OGLE-TR-113 b,0.02278,12.453,394.1092,0.78,0.77,566.459
OGLE-TR-113 b,0.0229,12.218,419.5356,0.77,0.78,566.459
OGLE-TR-113 b,0.02289,12.251,400.449,0.77,0.78,566.459
OGLE-TR-113 b,0.02299,12.218,343.2564,0.78,0.79,566.459
OGLE-TR-113 b,0.02265,12.195,390.9309,0.77,0.76,566.459
OGLE-TR-113 b,0.0229,12.251,432.2488,0.77,0.78,566.459
OGLE-TR-132 b,0.03029,14.011,371.8611,1.37,1.3,2012.62
OGLE-TR-132 b,0.03036,13.451,858.141,1.32,1.3,2012.62
OGLE-TR-132 b,0.03026,13.776,371.8611,1.34,1.29,2012.62
OGLE-TR-132 b,0.0306,12.89,320.99,1.41,1.34,2012.62
OGLE-TR-132 b,0.03035,13.45,375.02,1.32,1.3,2012.62
OGLE-TR-182 b,0.05205,16.477,336.8998,1.53,1.19,2501.75
OGLE-TR-182 b,0.05205,16.477,340.0781,1.53,1.19,2501.75
OGLE-TR-182 b,0.051,12.666,320.995,1.14,1.14,2501.75
OGLE-TR-211 b,0.05105,14.146,238.3725,1.56,1.31,1515.26
OGLE-TR-211 b,0.051,15.244,327.351,1.64,1.33,1515.26
OGLE-TR-211 b,0.05106,14.146,216.1244,1.56,1.31,1515.26
OGLE2-TR-L9 b,0.0404,18.091,1379.3822,1.5,1.42,1627.63
OGLE2-TR-L9 b,0.0308,18.046,1430.175,1.53,1.52,1627.63
OGLE2-TR-L9 b,0.04047,18.304,1398.452,1.5,1.43,1627.63
PDS 70 b,22.0,14.572,2542.64,1.26,0.76,113.064
PH1 b,0.652,6.18,169.0,1.73,1.53,1033.16
PH2 b,0.833,9.337,87.08498,0.95,0.97,343.863
POTS-1 b,0.03734,10.548,734.16,0.59,0.69,747.959
Qatar-1 b,0.02343,13.227,419.85343,0.8,0.85,185.615
Qatar-1 b,0.02298,12.733,405.23325,0.78,0.8,185.615
Qatar-1 b,0.02313,12.801,410.95419,0.8,0.82,185.615
Qatar-1 b,0.02343,13.227,422.7139,0.8,0.85,185.615
Qatar-1 b,0.02332,12.812,411.27202,0.8,0.84,185.615
Qatar-1 b,0.02343,13.047,346.42,0.82,0.85,185.615
Qatar-10 b,0.0286,17.295,233.92288,1.25,1.16,559.068
Qatar-2 b,0.02136,12.498,783.76878,0.7,0.73,181.374
Qatar-2 b,0.02149,12.823,790.41,0.71,0.74,181.374
Qatar-2 b,0.02153,14.056,785.0401,0.78,0.74,181.374
Qatar-2 b,0.0216,12.89,826.358,0.71,0.74,181.374
Qatar-2 b,0.02153,14.056,792.635,0.78,0.74,181.374
Qatar-3 b,0.03783,12.285,1369.8473,1.27,1.15,735.601
Qatar-4 b,0.02803,12.722,1938.763,0.85,0.9,329.036
Qatar-5 b,0.04127,12.408,1373.0256,1.08,1.13,367.658
Qatar-6 b,0.0423,11.904,212.31044,0.72,0.82,100.848
Qatar-7 b,0.0352,19.055,597.5204,1.56,1.41,705.981
Qatar-8 b,0.0474,14.404,117.91493,1.31,1.03,281.498
Qatar-9 b,0.0234,11.31,378.2177,0.7,0.72,213.771
TIC 139270665 b,0.163,7.23,147.15455,1.02,1.03,189.875
TIC 172900988 b,0.88328,11.3,837.0,1.38,1.24,250.956
TIC 172900988 b,0.90281,11.25,942.0,1.38,1.24,250.956
TIC 172900988 b,0.86762,11.24,823.9,1.38,1.24,250.956
TIC 172900988 b,0.89809,11.2,869.7,1.38,1.24,250.956
TIC 172900988 b,0.87235,11.15,845.7,1.38,1.24,250.956
TIC 172900988 b,0.91359,11.27,981.3,1.38,1.24,250.956
TIC 237913194 b,0.1207,12.52,617.22586,1.09,1.03,306.063
TIC 241249530 b,0.641,13.294,1582.78547,1.4,1.27,324.448
TIC 257060897 b,0.051,16.701,212.94503,1.82,1.32,505.703
TIC 279401253 b,0.369,11.209,1951.46642,1.06,1.13,285.584
TIC 365102760 b,0.0622,6.21,19.2,3.13,1.17,555.546
TIC 393818343 b,0.1291,12.184,1379.37529,1.09,1.08,93.7345
TIC 46432937 b,0.02065,13.316,1017.0509,0.53,0.56,90.5369
TIC 4672985 b,0.33,11.5,4049.13391,1.15,1.01,253.385
TOI-1052 b,0.09103,2.87,16.9,1.26,1.2,129.804
TOI-1062 b,0.052,2.265,10.15,0.84,0.94,82.1733
TOI-1064 b,0.06152,2.587,13.5,0.73,0.75,68.0726
TOI-1064 c,0.09429,2.651,2.5,0.73,0.75,68.0726
TOI-1075 b,0.01159,1.791,9.95,0.58,0.6,61.4592
TOI-1107 b,0.0561,14.572,1064.72516,1.81,1.35,281.314
TOI-1130 b,0.04457,3.56,19.28,0.69,0.71,58.2609
TOI-1130 b,0.0453,3.66,19.8,0.7,0.74,58.2609
TOI-1130 c,0.07191,13.32,325.69,0.69,0.71,58.2609
TOI-1130 c,0.0731,13.0,336.0,0.7,0.74,58.2609
TOI-1130 c,0.07098,16.814,309.56642,0.69,0.68,58.2609
TOI-1135 b,0.082,9.02,51.42,1.16,1.12,114.048
TOI-1136 b,0.0514,1.9,31.0,0.96,1.04,84.5362
TOI-1136 c,0.067,2.769,7.6,0.96,1.04,84.5362
TOI-1136 d,0.107,4.621,12.3,0.96,1.04,84.5362
TOI-1136 e,0.14,2.546,24.0,0.96,1.04,84.5362
TOI-1136 f,0.175,3.736,32.0,0.96,1.04,84.5362
TOI-1136 g,0.23,2.53,12.2,0.96,1.04,84.5362
TOI-1173 b,0.0696,9.19,27.4,0.93,0.91,132.353
TOI-1173 b,0.071,9.019,28.3,0.94,0.94,132.353
TOI-1174 b,0.08,2.506,32.0,0.78,0.84,94.6375
TOI-1180 b,0.082,3.036,10.0,0.74,0.78,72.0238
TOI-1181 b,0.0364,16.197,377.0,1.93,1.46,302.819
TOI-1184 b,0.056,2.41,6.8,0.7,0.73,58.5946
TOI-1194 b,0.034,8.717,120.0,0.96,0.98,149.667
TOI-1194 b,0.03428,8.597,144.92975,0.96,1.01,149.667
TOI-1199 b,0.04988,10.514,75.96099,1.45,1.23,248.427
TOI-1201 b,0.0287,2.415,6.28,0.51,0.51,37.8871
TOI-1221 b,0.387,2.91,1112.39942,1.03,0.93,138.411
TOI-1231 b,0.1288,3.65,15.4,0.48,0.48,27.6227
TOI-1235 b,0.03826,1.694,5.9,0.62,0.63,39.6345
TOI-1235 b,0.03845,1.738,6.91,0.63,0.64,39.6345
TOI-1244 b,0.061,2.376,6.6,0.72,0.75,102.551
TOI-1246 b,0.049,3.01,8.1,0.86,0.87,169.422
TOI-1246 c,0.061,2.51,8.8,0.86,0.87,169.422
TOI-1246 c,0.061,2.451,9.1,0.86,0.89,169.422
TOI-1246 d,0.132,3.431,5.4,0.86,0.89,169.422
TOI-1246 d,0.131,3.51,5.3,0.86,0.87,169.422
TOI-1246 e,0.211,3.78,14.8,0.86,0.87,169.422
TOI-1246 e,0.212,3.514,14.5,0.86,0.89,169.422
TOI-1248 b,0.051,6.808,27.4,0.87,0.9,168.735
TOI-1249 b,0.109,3.271,11.9,0.98,1.01,139.49
TOI-125 b,0.05186,2.726,9.5,0.85,0.86,111.059
TOI-125 c,0.0814,2.759,6.63,0.85,0.86,111.059
TOI-125 d,0.137,2.93,13.6,0.85,0.86,111.059
TOI-1259 A b,0.0407,11.456,140.16233,0.71,0.74,118.106
TOI-1260 b,0.0366,2.34,8.6,0.65,0.66,73.5977
TOI-1260 b,0.0367,2.41,8.56,0.67,0.68,73.5977
TOI-1260 c,0.0657,2.76,13.2,0.67,0.68,73.5977
TOI-1260 c,0.0656,2.82,11.8,0.65,0.66,73.5977
TOI-1260 d,0.1116,3.12,11.84,0.67,0.68,73.5977
TOI-1266 b,0.0736,2.37,13.5,0.42,0.45,36.0118
TOI-1266 b,0.0745,2.458,15.9,0.42,0.44,36.0118
TOI-1266 b,0.0728,2.62,4.23,0.44,0.43,36.0118
TOI-1266 c,0.1037,1.673,6.4,0.42,0.44,36.0118
TOI-1266 c,0.1058,1.56,2.2,0.42,0.45,36.0118
TOI-1266 c,0.1047,2.13,2.88,0.44,0.43,36.0118
TOI-1268 b,0.0711,9.1,96.4,0.92,0.96,109.557
TOI-1269 b,0.0496,2.401,6.4,0.85,0.9,172.138
TOI-1272 b,0.0417,4.132,27.0,0.79,0.88,137.572
TOI-1272 b,0.0412,4.14,24.6,0.79,0.85,137.572
TOI-1273 b,0.0549,11.097,70.55791,1.06,1.06,177.118
TOI-1278 b,0.095,12.218,5879.82553,0.57,0.54,75.5759
TOI-1279 b,0.085,2.661,10.6,0.84,0.88,107.055
TOI-1288 b,0.0374,4.968,44.1,0.96,0.96,114.865
TOI-1294 b,0.051,10.124,63.9,1.56,1.16,332.648
TOI-1296 b,0.0497,13.798,94.71287,1.66,1.17,323.265
TOI-1296 b,0.051,14.116,95.3,1.7,1.16,323.265
TOI-1298 b,0.059,9.427,113.14691,1.41,1.44,319.036
TOI-1298 b,0.057,9.658,99.0,1.45,1.22,319.036
TOI-132 b,0.026,3.42,22.4,0.9,0.97,163.678
TOI-1333 b,0.0626,15.648,753.2571,1.93,1.46,200.492
TOI-1338 b,0.4607,6.85,33.0,1.33,1.13,399.017
TOI-1347 b,0.0171,1.814,12.2,0.84,0.93,147.476
TOI-1347 c,0.0546,1.678,9.0,0.84,0.93,147.476
TOI-1386 b,0.173,6.216,45.8,1.02,1.04,146.858
TOI-1386 b,0.1732,6.053,47.0386,1.01,1.04,146.858
TOI-1408 b,0.05778,25.0,593.0,1.53,1.31,139.484
TOI-1408 b,0.05804,16.813,537.13001,1.27,1.33,139.484
TOI-1408 c,0.03587,2.22,7.6,1.53,1.31,139.484
TOI-1410.01,0.0207,3.101,12.5,0.76,0.79,72.7512
TOI-1411 b,0.02122,1.199,2.0,0.61,0.6,32.4778
TOI-1416 b,0.019,1.62,3.48,0.79,0.8,55.0135
TOI-1420 b,0.071,11.89,25.1,0.92,0.99,201.918
TOI-1422 b,0.108,3.937,12.1,1.02,0.99,155.141
TOI-1422 b,0.108,3.96,9.0,1.02,0.98,155.141
TOI-1431 b,0.046,16.701,991.62463,1.92,1.9,148.925
TOI-1437 b,0.139,2.435,10.4,1.26,1.01,103.297
TOI-1437 b,0.14,2.24,9.6,1.17,1.1,103.297
TOI-1439 b,0.192,4.243,38.5,1.62,1.23,230.306
TOI-1443 b,0.147,2.304,30.0,0.75,0.77,85.8034
TOI-1444 b,0.0116,1.418,3.58,0.91,0.95,125.463
TOI-1448 b,0.0567,2.749,19.5,0.38,0.37,73.3345
TOI-1451 b,0.127,2.611,15.2,1.02,1.0,91.9362
TOI-1452 b,0.061,1.672,4.82,0.28,0.25,30.5212
TOI-1467 b,0.0495,1.676,9.0,0.46,0.45,37.4418
TOI-1470 b,0.0285,2.18,7.32,0.47,0.47,51.9503
TOI-1470 c,0.106,2.47,7.24,0.47,0.47,51.9503
TOI-1472 b,0.065,4.16,16.5,0.84,0.92,121.84
TOI-1478 b,0.0903,11.882,270.47333,1.05,0.95,152.892
TOI-150.01,0.0583,15.468,556.2025,1.55,1.25,336.267
TOI-150.01,0.07037,14.067,797.7533,1.53,1.35,336.267
TOI-1518 b,0.0389,21.017,731.00534,1.95,1.79,225.888
TOI-157 b,0.03138,14.415,375.0394,1.17,0.95,355.683
TOI-1601 b,0.069,14.199,387.0,2.19,1.51,336.608
TOI-1601 b,0.06864,13.888,314.6517,2.19,1.52,336.608
TOI-163 b,0.058,16.69,387.7526,1.65,1.44,411.719
TOI-1634 b,0.01545,1.79,4.91,0.45,0.5,35.2736
TOI-1634 b,0.0149,1.749,10.14,0.45,0.45,35.2736
TOI-1669 c,0.0376,2.296,13.0,1.06,0.99,111.276
TOI-1670 b,0.103,2.06,41.31769,1.32,1.21,168.067
TOI-1670 c,0.249,11.063,200.2319,1.32,1.21,168.067
TOI-1685 b,0.01138,1.468,3.03,0.46,0.45,37.6153
TOI-1685 b,0.011557,1.459,3.43,0.46,0.46,37.6153
TOI-169 b,0.03524,12.173,251.40353,1.29,1.15,407.84
TOI-1691 b,0.126,3.565,14.6,1.01,0.96,111.445
TOI-1694 b,0.045,5.342,31.3,0.8,0.85,124.68
TOI-1695 b,0.033548,1.9,6.36,0.52,0.51,45.1309
TOI-1696 b,0.0235,3.24,56.6,0.29,0.27,64.9172
TOI-1696 b,0.0229,3.09,48.8,0.28,0.26,64.9172
TOI-1710 b,0.164,5.15,18.4,0.95,0.99,81.2271
TOI-1710 b,0.16,5.34,28.3,0.97,0.98,81.2271
TOI-1710 b,0.166,5.203,22.4,0.96,1.03,81.2271
TOI-172 b,0.0914,10.817,1722.6386,1.78,1.13,342.831
TOI-1723 b,0.114,3.292,10.4,1.09,1.04,100.727
TOI-1728 b,0.0391,5.05,26.78,0.62,0.65,60.798
TOI-1736 b,0.074,2.44,12.8,1.15,1.08,88.9482
TOI-1736 b,0.073,3.182,12.3,1.43,1.04,88.9482
TOI-1736 b,0.074,3.05,11.9,1.38,1.06,88.9482
TOI-1742 b,0.154,2.365,9.7,1.13,1.09,72.8871
TOI-1749 b,0.0291,1.39,57.0,0.55,0.58,99.5561
TOI-1749 c,0.0443,2.12,14.0,0.55,0.58,99.5561
TOI-1749 d,0.0707,2.52,15.0,0.55,0.58,99.5561
TOI-1751 b,0.2116,2.77,14.5,1.2,0.9,113.335
TOI-1751 b,0.215,2.951,19.5,1.31,0.94,113.335
TOI-1753 b,0.059,2.479,16.6,0.97,0.95,226.671
TOI-1758 b,0.138,3.557,6.9,0.82,0.83,96.6215
TOI-1759 b,0.1176,3.06,6.8,0.63,0.61,40.0654
TOI-1759 b,0.115,3.12,15.0,0.57,0.57,40.0654
TOI-1759 b,0.1177,3.14,10.8,0.6,0.61,40.0654
TOI-1775 b,0.08,8.047,96.0,0.83,0.92,149.234
TOI-1776 b,0.0378,1.216,1.4,0.94,0.92,44.647
TOI-178 b,0.02607,1.152,1.5,0.65,0.65,62.699
TOI-178 c,0.037,1.669,4.77,0.65,0.65,62.699
TOI-178 d,0.0592,2.572,3.01,0.65,0.65,62.699
TOI-178 e,0.0783,2.207,3.86,0.65,0.65,62.699
TOI-178 f,0.1039,2.287,7.72,0.65,0.65,62.699
TOI-178 g,0.1275,2.87,3.94,0.65,0.65,62.699
TOI-1789 b,0.04882,16.141,222.47988,2.17,1.51,229.067
TOI-1794 b,0.082,3.297,8.7,1.32,0.97,155.791
TOI-1798.01,0.074,2.385,6.5,0.79,0.85,113.181
TOI-1798.02,0.0107,1.399,5.6,0.79,0.85,113.181
TOI-1799 b,0.071,1.422,4.0,0.95,0.94,62.1274
TOI-1801 b,0.075,1.961,16.0,0.51,0.51,30.6796
TOI-1807 b,0.0122,1.497,2.44,0.75,0.8,42.5775
TOI-1807 b,0.012,1.37,2.57,0.69,0.76,42.5775
TOI-181 b,0.0539,6.956,46.1687,0.74,0.82,96.2338
TOI-1811 b,0.04389,11.142,308.92921,0.77,0.82,128.23
TOI-1820 b,0.061,12.778,731.00534,1.51,1.04,248.504
TOI-1823 b,0.212,7.541,67.4,0.8,0.84,71.6456
TOI-1824 b,0.151,2.744,16.0,0.81,0.88,59.4314
TOI-1836 b,0.157,8.281,24.7,1.65,1.25,191.649
TOI-1836 c,0.03089,2.6,8.0,1.65,1.25,191.649
TOI-1842 b,0.1,12.349,89.4,2.03,1.46,223.465
TOI-1842 b,0.1001,11.657,68.01528,2.02,1.46,223.465
TOI-1853 b,0.0213,3.46,73.2,0.81,0.84,165.105
TOI-1855 b,0.02398,18.495,360.09959,1.04,0.99,176.833
TOI-1898 b,0.269,9.396,129.0,1.61,1.25,79.6682
TOI-1899 b,0.1525,11.097,212.94503,0.61,0.63,128.438
TOI-1899 b,0.1587,12.89,209.7678,0.61,0.63,128.438
TOI-1937 A b,0.01932,13.978,638.8351,1.08,1.07,415.135
TOI-199 b,0.4254,9.079,54.03083,0.82,0.94,102.27
TOI-1994 b,0.0613,13.675,7024.00779,2.3,1.86,515.603
TOI-2000 b,0.04271,2.7,11.0,1.13,1.08,175.713
TOI-2000 c,0.0878,8.14,81.7,1.13,1.08,175.713
TOI-201 b,0.3,11.299,133.4886,1.32,1.32,113.825
TOI-2010 b,0.5516,11.814,408.72733,1.08,1.11,109.19
TOI-2015 b,0.0301,3.39,16.4,0.33,0.34,47.3444
TOI-2019 b,0.128,5.333,34.4,1.75,1.18,198.007
TOI-2025 b,0.092,12.52,1398.44499,1.56,1.32,335.985
TOI-2025 b,0.0892,11.893,1144.18227,1.46,1.2,335.985
TOI-2076 b,0.088,2.771,16.1,0.8,0.86,41.9091
TOI-2076 c,0.142,3.694,55.0,0.8,0.86,41.9091
TOI-2076 d,0.199,3.431,29.0,0.8,0.86,41.9091
TOI-2088 b,0.472,3.683,37.0,0.85,0.9,126.46
TOI-2095 b,0.101,1.25,4.1,0.44,0.44,41.9176
TOI-2095 c,0.137,1.33,7.4,0.44,0.44,41.9176
TOI-2107 b,0.03515,13.574,263.79758,0.93,0.96,236.705
TOI-2109 b,0.01791,15.098,1595.4986,1.7,1.45,262.041
TOI-2120 b,0.0377,2.122,6.8,0.24,0.21,32.1755
TOI-2128 b,0.127,2.089,4.5,1.12,1.03,36.578
TOI-2134 b,0.078,2.69,9.13,0.71,0.74,22.6202
TOI-2134 c,0.371,7.27,41.89,0.71,0.74,22.6202
TOI-2136 b,0.054,2.09,15.0,0.34,0.34,33.3631
TOI-2136 b,0.0533,2.2,4.7,0.34,0.33,33.3631
TOI-2136 b,0.057,2.19,6.37,0.34,0.34,33.3631
TOI-2141 b,0.133,3.05,24.0,0.98,0.94,77.682
TOI-2145 b,0.1108,11.982,1671.77742,2.75,1.72,224.731
TOI-2145 b,0.111,12.419,1767.0,2.75,1.72,224.731
TOI-2152 A b,0.05064,14.359,899.45439,1.61,1.52,303.006
TOI-2154 b,0.0513,16.287,292.40213,1.4,1.23,296.46
TOI-2158 b,0.075,10.761,260.61929,1.41,1.12,198.473
TOI-216.01,0.2069,11.29,200.0,0.84,0.87,177.945
TOI-216.02,0.1293,7.69,30.0,0.84,0.87,177.945
TOI-2180 b,0.828,11.321,875.61726,1.64,1.11,116.685
TOI-2193 A b,0.03319,19.84,298.7587,1.25,1.08,337.064
TOI-2196 b,0.02234,3.51,26.0,1.04,1.03,259.947
TOI-220 b,0.08911,3.03,13.8,0.86,0.82,90.7402
TOI-2202 b,0.09564,11.321,310.83618,0.79,0.82,235.933
TOI-2207 b,0.0854,11.153,203.41018,1.56,1.3,373.345
TOI-2236 b,0.05009,14.37,502.16888,1.57,1.34,355.59
TOI-2285 b,0.1363,1.74,19.5,0.46,0.45,42.409
TOI-2338 b,0.158,11.209,1900.61387,1.05,0.99,313.996
TOI-2364 b,0.04871,8.608,71.51139,0.89,0.95,219.614
TOI-2368 b,0.05649,10.839,206.58846,0.85,0.9,210.915
TOI-2373 b,0.112,10.424,2955.80419,1.1,1.04,508.686
TOI-2374 b,0.0471,6.81,56.64,0.69,0.75,134.655
TOI-2379 b,0.05263,11.725,1830.69162,0.62,0.65,211.247
TOI-238 b,0.02118,1.402,3.4,0.73,0.79,80.5407
TOI-238 c,0.0749,2.18,6.7,0.73,0.79,80.5407
TOI-2384 b,0.02793,11.489,624.85065,0.61,0.64,191.51
TOI-2406 b,0.02267,2.86,15.6,0.2,0.17,55.419
TOI-2416 b,0.0831,9.864,953.48522,1.24,1.12,557.733
TOI-2421 b,0.0543,10.368,105.83686,1.75,1.13,327.927
TOI-244 b,0.0559,1.52,2.68,0.43,0.43,22.0337
TOI-2447 b,0.347,9.606,124.90656,1.01,1.03,148.987
TOI-2497 b,0.1166,11.142,1531.93292,2.36,1.86,285.289
TOI-2498 b,0.0491,6.06,34.62,1.26,1.12,275.265
TOI-251 b,0.05741,2.74,317.83,0.88,1.04,99.523
TOI-2524 b,0.073,11.209,203.41018,1.12,1.01,438.842
TOI-2525 b,0.1511,8.676,26.69759,0.79,0.85,395.398
TOI-2525 c,0.249,10.133,208.81326,0.79,0.85,395.398
TOI-2529 b,0.327,11.545,743.71847,1.7,1.11,296.271
TOI-2567 b,0.0672,10.929,63.88351,1.69,1.13,504.775
TOI-257 b,0.1528,7.163,43.86032,1.87,1.41,76.9028
TOI-2570 b,0.04145,13.641,260.61929,1.09,1.06,361.857
TOI-2583 A b,0.0571,14.46,79.4571,1.48,1.22,566.189
TOI-2587 A b,0.0635,12.072,69.28659,1.73,1.15,373.675
TOI-2589 b,0.3,12.106,1112.39942,1.07,0.93,200.273
TOI-260 b,0.0943,1.71,4.23,0.61,0.62,20.1852
TOI-260 b,0.091,1.473,3.3,0.55,0.55,20.1852
TOI-2641 b,0.0607,18.103,122.68177,1.34,1.16,344.045
TOI-269 b,0.0345,2.77,8.8,0.4,0.39,57.0225
TOI-270 b,0.03197,1.206,1.58,0.38,0.39,22.4793
TOI-270 c,0.04526,2.355,6.15,0.38,0.39,22.4793
TOI-270 d,0.0721,2.133,4.78,0.38,0.39,22.4793
TOI-2714 b,0.036,13.72,228.0,1.25,1.07,597.873
TOI-2796 b,0.0569,17.262,139.8445,1.07,1.06,350.343
TOI-2803 A b,0.03185,18.114,309.8827,1.25,1.12,494.818
TOI-2818 b,0.0493,15.278,225.65817,1.23,0.98,312.674
TOI-2842 b,0.0475,12.845,117.59651,1.26,1.14,460.995
TOI-286 b,0.0503,1.42,4.53,0.78,0.83,59.2293
TOI-286 c,0.213,1.88,3.72,0.78,0.83,59.2293
TOI-2981 b,0.048,13.4,638.0,1.08,1.03,527.789
TOI-3023 b,0.0505,16.432,197.05361,1.67,1.12,389.916
TOI-3071 b,0.0249,7.16,68.2,1.31,1.29,485.219
TOI-3235 b,0.02709,11.4,211.35589,0.37,0.39,72.811
TOI-3261 b,0.01714,3.82,30.3,0.85,0.86,300.141
TOI-329 b,0.0638,4.941,40.4,1.53,1.07,284.388
TOI-332 b,0.0159,3.2,57.2,0.87,0.88,222.852
TOI-3321 b,0.047,15.558,176.07694,1.55,1.04,285.895
TOI-3331 A b,0.03144,12.98,721.47048,0.95,1.02,217.193
TOI-3362 b,0.153,12.801,1598.35906,1.83,1.45,366.987
TOI-3364 b,0.0675,12.229,530.77344,1.42,1.19,277.899
TOI-3568 b,0.0485,5.3,26.4,0.72,0.78,197.906
TOI-3629 b,0.043,8.295,82.63539,0.6,0.63,130.091
TOI-3629 b,0.04194,8.295,77.2323,0.61,0.64,130.091
TOI-3688 A b,0.0456,13.081,311.47184,1.3,1.2,396.378
TOI-3693 b,0.0813,12.599,324.18498,0.79,0.87,176.436
TOI-3714 b,0.027,11.321,222.47988,0.51,0.53,112.71
TOI-3714 b,0.0263,11.142,218.98377,0.5,0.52,112.71
TOI-3757 b,0.03845,12.0,85.3,0.62,0.64,181.139
TOI-3785 b,0.043,5.14,14.95,0.5,0.52,79.7634
TOI-3807 b,0.0421,18.495,330.54154,1.47,1.18,421.745
TOI-3819 b,0.04611,13.137,352.78953,1.54,1.24,558.141
TOI-3884 b,0.0354,6.0,16.5,0.3,0.28,43.1448
TOI-3884 b,0.0361,6.43,32.59,0.3,0.3,43.1448
TOI-3894 b,0.0543,15.222,270.15415,1.5,1.14,417.365
TOI-3894 b,0.05354,15.278,260.61929,1.5,1.14,417.365
TOI-3894 b,0.05539,15.155,279.689,1.5,1.14,417.365
TOI-3912 b,0.0463,14.28,129.03833,1.39,1.09,465.992
TOI-3919 b,0.0795,12.319,1233.17422,1.32,1.21,604.591
TOI-3976 A b,0.0743,12.274,55.61997,1.5,1.25,516.087
TOI-3984 A b,0.041,7.9,44.0,0.47,0.49,108.883
TOI-4010 b,0.0229,3.02,11.0,0.83,0.88,177.504
TOI-4010 c,0.058,5.93,20.31,0.83,0.88,177.504
TOI-4010 d,0.113,6.18,38.15,0.83,0.88,177.504
TOI-4087 b,0.04469,13.047,232.01474,1.11,1.18,301.676
TOI-411 b,0.05727,1.362,13.71,1.12,1.1,62.7792
TOI-411 c,0.1017,2.328,9.72,1.12,1.1,62.7792
TOI-4127 b,0.3081,12.285,731.00534,1.29,1.23,319.632
TOI-4137 b,0.05222,13.574,457.67291,1.44,1.31,334.993
TOI-4145 A b,0.04823,13.305,136.66622,0.86,0.91,205.387
TOI-4153 b,0.06311,16.119,365.50267,1.6,1.57,423.84
TOI-4201 b,0.03924,12.666,816.81901,0.62,0.63,189.011
TOI-4201 b,0.03944,12.69,825.0,0.62,0.63,189.011
TOI-4201 b,0.04,13.675,788.21445,0.63,0.61,189.011
TOI-421 b,0.056,2.68,7.17,0.87,0.85,74.7969
TOI-421 b,0.0554,2.64,6.7,0.87,0.83,74.7969
TOI-421 c,0.117,5.09,14.1,0.87,0.83,74.7969
TOI-421 c,0.1189,5.09,16.42,0.87,0.85,74.7969
TOI-431 b,0.0113,1.28,3.07,0.73,0.78,32.5686
TOI-431 d,0.098,3.29,9.9,0.73,0.78,32.5686
TOI-4377 b,0.0579,15.11,304.16179,3.52,1.36,455.82
TOI-4406 b,0.201,11.209,95.34852,1.29,1.19,261.834
TOI-4438 b,0.0534,2.52,5.4,0.37,0.37,30.0346
TOI-4463 A b,0.04036,13.26,252.35576,1.06,1.06,173.117
TOI-4515 b,0.118,12.17,637.0,0.86,0.95,193.499
TOI-4551 b,0.0994,11.859,473.56433,3.55,1.31,215.986
TOI-4562 b,0.768,12.53,732.0,1.15,1.19,339.605
TOI-4600 b,0.349,6.8,959.84179,0.81,0.89,216.056
TOI-4600 c,1.152,9.42,2946.26933,0.81,0.89,216.056
TOI-4603 b,0.0888,11.68,4096.80817,2.74,1.76,225.643
TOI-4633 c,0.847,3.2,123.0,1.05,1.1,95.2016
TOI-4641 b,0.173,8.183,1229.99594,1.72,1.41,86.3501
TOI-4791 b,0.0555,12.442,734.18362,1.41,1.24,328.802
TOI-480 b,0.077,2.854,20.8,1.49,1.28,54.5306
TOI-481 b,0.097,11.097,486.2799,1.66,1.14,179.366
TOI-4860 b,0.01845,8.474,212.94503,0.35,0.34,80.1423
TOI-4860 b,0.01808,8.7,86.7,0.36,0.34,80.1423
TOI-4914 b,0.098,12.87,227.0,1.0,1.03,299.89
TOI-500 b,0.01189,1.166,1.42,0.68,0.74,47.3924
TOI-5153 b,0.158,11.882,1036.12061,1.4,1.24,390.484
TOI-519 b,0.012,11.994,4449.62,0.37,0.37,115.557
TOI-519 b,0.0159,11.545,147.15455,0.35,0.34,115.557
TOI-519 b,0.01648,11.87,166.85991,0.36,0.37,115.557
TOI-5205 b,0.0199,11.6,343.0,0.39,0.39,86.4493
TOI-5218 b,0.0469,9.86,657.0,0.71,0.74,377.483
TOI-5232 b,0.05593,12.778,743.71847,1.78,1.39,609.388
TOI-5293 A b,0.034,11.9,170.4,0.52,0.54,162.229
TOI-530 b,0.052,9.303,127.13136,0.54,0.53,148.762
TOI-5301 b,0.073,13.092,1182.32167,2.19,1.48,629.161
TOI-5301 b,0.0726,13.193,1160.07369,2.19,1.48,629.161
TOI-5301 b,0.06975,13.529,1080.61658,2.19,1.48,629.161
TOI-532 b,0.0296,5.82,61.5,0.61,0.64,135.047
TOI-5344 b,0.04,9.7,135.0,0.56,0.59,138.367
TOI-5344 b,0.04041,10.604,130.9453,0.59,0.61,138.367
TOI-5398 b,0.098,10.3,58.7,1.05,1.15,130.855
TOI-5398 c,0.057,3.52,11.8,1.05,1.15,130.855
TOI-544 b,0.0225,2.018,2.89,0.62,0.63,41.1166
TOI-5542 b,0.332,11.31,419.5335,1.06,0.89,348.849
TOI-558 b,0.1291,12.173,1147.36055,1.5,1.35,402.63
TOI-559 b,0.0723,12.229,1910.14873,1.23,1.03,233.266
TOI-561 b,0.01055,1.423,1.59,0.85,0.79,85.799
TOI-561 b,0.0106,1.37,2.24,0.83,0.81,85.799
TOI-561 b,0.0104,1.457,3.0,0.86,0.76,85.799
TOI-561 b,0.0106,1.425,2.0,0.84,0.81,85.799
TOI-561 b,0.01064,1.45,3.2,0.83,0.81,85.799
TOI-561 c,0.0888,2.9,7.0,0.83,0.81,85.799
TOI-561 c,0.087,2.927,6.9,0.86,0.76,85.799
TOI-561 c,0.089,2.91,6.6,0.83,0.81,85.799
TOI-561 c,0.08809,2.878,5.4,0.85,0.79,85.799
TOI-561 c,0.0884,2.91,5.39,0.84,0.81,85.799
TOI-561 d,0.1569,2.53,11.95,0.85,0.79,85.799
TOI-561 d,0.156,2.721,11.0,0.86,0.76,85.799
TOI-561 d,0.158,2.82,13.2,0.84,0.81,85.799
TOI-561 d,0.159,2.82,12.15,0.83,0.81,85.799
TOI-561 e,0.33,2.55,13.6,0.83,0.81,85.799
TOI-561 e,0.328,2.55,12.6,0.84,0.81,85.799
TOI-561 e,0.3274,2.67,16.0,0.85,0.79,85.799
TOI-5616 b,0.0272,10.78,624.0,0.65,0.67,390.415
TOI-5634 A b,0.0272,10.42,588.0,0.54,0.56,306.144
TOI-564 b,0.02734,11.433,464.98529,1.09,1.0,199.581
TOI-5678 b,0.249,4.91,20.0,0.94,0.91,165.393
TOI-5720 b,0.018288,1.09,4.3,0.38,0.38,35.8256
TOI-6008 b,0.010777,1.03,4.0,0.24,0.23,23.1008
TOI-6034 b,0.02949,11.92,254.0,0.49,0.51,117.992
TOI-615 b,0.0678,18.977,138.25536,1.73,1.45,360.408
TOI-622 b,0.0708,9.236,96.30201,1.42,1.31,123.297
TOI-628 b,0.0486,11.882,2011.8639,1.34,1.31,178.68
TOI-640 b,0.06608,19.851,279.6904,2.08,1.54,341.997
TOI-663 b,0.0295,2.27,4.45,0.51,0.51,64.2308
TOI-663 c,0.0437,2.26,3.65,0.51,0.51,64.2308
TOI-663 d,0.0576,1.92,5.2,0.51,0.51,64.2308
TOI-669 b,0.047,2.6,9.8,0.99,0.9,142.867
TOI-669 b,0.048,2.586,10.0,0.99,0.92,142.867
TOI-674 b,0.025,5.25,23.6,0.42,0.42,46.0851
TOI-677 b,0.1038,13.115,392.83788,1.28,1.18,141.812
TOI-733 b,0.0618,1.992,5.72,0.95,0.96,75.2092
TOI-757 b,0.122,2.5,10.5,0.78,0.8,60.3418
TOI-762 A b,0.03418,8.339,79.77493,0.42,0.44,98.4458
TOI-763 b,0.06,2.28,9.79,0.9,0.92,95.1274
TOI-763 c,0.1011,2.63,9.32,0.9,0.92,95.1274
TOI-776 b,0.0653,1.798,5.0,0.55,0.54,27.1701
TOI-776 b,0.0652,1.85,4.0,0.54,0.54,27.1701
TOI-776 c,0.1001,2.047,6.9,0.55,0.54,27.1701
TOI-776 c,0.1,2.02,5.3,0.54,0.54,27.1701
TOI-778 b,0.06,15.4,878.0,1.71,1.4,161.743
TOI-782 b,0.0578,2.734,19.1,0.41,0.4,52.5122
TOI-784 b,0.038,1.93,9.67,0.91,0.91,64.5997
TOI-815 b,0.0903,2.94,7.6,0.77,0.78,59.7117
TOI-815 c,0.193,2.62,23.5,0.77,0.78,59.7117
TOI-824 b,0.02177,2.926,18.467,0.69,0.71,63.9262
TOI-836 b,0.0422,1.704,4.53,0.67,0.68,27.5024
TOI-836 c,0.075,2.587,9.6,0.67,0.68,27.5024
TOI-837 b,0.0888,9.169,120.45697,1.05,1.14,142.488
TOI-837 b,0.083,9.71,116.0,1.04,1.11,142.488
TOI-849 b,0.0155,3.64,41.8,0.97,0.97,225.734
TOI-849 b,0.01598,3.444,39.09,0.92,0.93,225.734
TOI-858 B b,0.04435,14.067,349.61125,1.31,1.08,250.489
TOI-892 b,0.092,11.994,301.9385,1.39,1.28,340.543
TOI-905 b,0.04666,13.126,211.99261,0.92,0.97,158.649
TOI-908 b,0.041657,3.186,16.137,1.03,0.95,175.748
TOI-942 b,0.04796,4.81,826.358,1.02,0.79,152.601
TOI-942 b,0.0498,4.242,16.0,0.89,0.88,152.601
TOI-942 c,0.088,4.793,37.0,0.89,0.88,152.601
TOI-942 c,0.0847,5.79,794.575,1.02,0.79,152.601
TOI-954 b,0.04963,9.55,55.30242,1.89,1.2,238.768
TOI-969 b,0.02636,2.765,9.1,0.67,0.73,77.2554
TrES-1 b,0.03926,11.96,221.52751,0.81,0.88,159.658
TrES-1 b,0.03925,11.96,238.998,0.81,0.88,159.658
TrES-1 b,0.03946,12.319,241.86863,0.82,0.89,159.658
TrES-1 b,0.0393,12.11,238.36,0.85,0.88,159.658
TrES-2 b,0.03567,13.372,383.30298,0.96,0.99,215.32
TrES-2 b,0.03503,13.025,457.6752,0.95,0.94,215.32
TrES-2 b,0.03563,13.305,382.03166,0.95,0.99,215.32
TrES-2 b,0.03557,13.72,385.20996,1.0,0.98,215.32
TrES-2 b,0.03556,14.258,381.1,1.02,1.06,215.32
TrES-2 b,0.0367,13.899,406.8224,1.0,1.08,215.32
TrES-2 b,0.0367,13.978,380.44251,1.0,0.98,215.32
TrES-2 b,0.03558,13.72,381.396,1.0,0.98,215.32
TrES-2 b,0.03635,14.135,398.24099,1.0,1.05,215.32
TrES-3 b,0.02272,14.706,615.95454,0.81,0.92,231.337
TrES-3 b,0.02282,14.975,607.03,0.83,0.93,231.337
TrES-3 b,0.02284,14.975,572.41183,0.83,0.93,231.337
TrES-3 b,0.02276,14.684,603.55917,0.82,0.92,231.337
TrES-3 b,0.0226,14.516,610.2336,0.8,0.9,231.337
TrES-3 b,0.02283,14.628,607.0553,0.82,0.93,231.337
TrES-4 b,0.0516,20.602,157.00802,1.81,1.45,515.98
TrES-4 b,0.05159,20.602,158.27934,1.81,1.45,515.98
TrES-4 b,0.04965,20.288,278.73691,1.92,1.29,515.98
TrES-4 b,0.05091,20.165,292.073,2.01,1.18,515.98
TrES-4 b,0.05092,19.627,292.4036,1.82,1.39,515.98
TrES-4 b,0.0502,19.448,285.09351,1.83,1.34,515.98
TrES-4 b,0.05105,19.986,293.99128,1.85,1.4,515.98
TrES-5 b,0.02459,13.384,568.9157,0.87,0.9,360.313
TrES-5 b,0.02452,13.552,568.9157,0.87,0.89,360.313
TrES-5 b,0.02446,13.552,565.078,0.87,0.89,360.313
V1298 Tau b,0.1719,9.729,203.41018,1.28,1.17,108.199
V1298 Tau c,0.0841,5.156,76.27882,1.28,1.17,108.199
V1298 Tau d,0.1103,6.434,98.52681,1.28,1.17,108.199
V1298 Tau e,0.2409,8.239,368.68095,1.28,1.17,108.199
WASP-1 b,0.03898,16.634,273.3338,1.46,1.24,393.072
WASP-1 b,0.03957,16.97,291.76794,1.52,1.3,393.072
WASP-1 b,0.0392,16.735,311.4734,1.47,1.26,393.072
WASP-1 b,0.03889,16.623,271.415,1.47,1.24,393.072
WASP-1 b,0.03958,16.97,301.30284,1.52,1.3,393.072
WASP-1 b,0.0382,21.633,282.8687,1.24,1.15,393.072
WASP-10 b,0.03781,12.106,1001.12,0.7,0.75,140.998
WASP-10 b,0.0369,14.348,940.7768,0.78,0.7,140.998
WASP-10 b,0.0378,11.96,1020.2343,0.7,0.75,140.998
WASP-10 b,0.0378,11.96,1004.3428,0.7,0.75,140.998
WASP-100 b,0.04574,18.943,638.8383,2.0,1.57,364.411
WASP-101 b,0.05057,15.805,157.96151,1.29,1.34,201.224
WASP-101 b,0.0506,15.8,158.91,1.29,1.34,201.224
WASP-103 b,0.01987,17.127,462.44265,1.44,1.22,375.647
WASP-103 b,0.01985,17.127,473.5667,1.44,1.22,375.647
WASP-103 b,0.01979,18.45,467.2101,1.41,1.21,375.647
WASP-103 b,0.01985,17.127,473.547,1.44,1.22,375.647
WASP-104 b,0.0292,12.745,403.00844,0.96,1.08,185.932
WASP-104 b,0.02918,12.745,404.263,0.96,1.08,185.932
WASP-105 b,0.075,10.761,572.094,0.9,0.89,169.272
WASP-106 b,0.0917,12.162,606.73747,1.39,1.19,352.181
WASP-106 b,0.0917,12.162,611.797,1.39,1.19,352.181
WASP-107 b,0.055,10.536,38.1396,0.66,0.69,64.7414
WASP-107 b,0.0553,10.357,37.82177,0.66,0.69,64.7414
WASP-107 b,0.0558,10.626,38.1396,0.66,0.69,64.7414
WASP-11 b,0.04376,11.097,169.08556,0.77,0.81,124.73
WASP-11 b,0.04375,11.097,156.37236,0.77,0.81,124.73
WASP-11 b,0.0435,11.265,154.777,0.79,0.83,124.73
WASP-11 b,0.043,10.2,168.4499,0.74,0.77,124.73
WASP-113 b,0.05885,15.793,150.96925,1.61,1.32,435.156
WASP-114 b,0.02851,15.009,562.24127,1.43,1.29,523.337
WASP-117 b,0.09464,11.444,87.75286,1.17,1.13,157.963
WASP-117 b,0.09459,11.444,87.5585,1.17,1.13,157.963
WASP-118 b,0.0545,15.625,165.2716,1.75,1.32,376.658
WASP-118 b,0.05453,16.141,163.36462,1.7,1.32,376.658
WASP-119 b,0.0363,15.693,390.9309,1.2,1.02,302.448
WASP-12 b,0.0232,21.712,465.62095,1.66,1.43,427.246
WASP-12 b,0.0234,21.297,467.2101,1.66,1.43,427.246
WASP-12 b,0.02312,20.456,441.7837,1.62,1.38,427.246
WASP-12 b,0.0229,20.1,448.0,1.57,1.35,427.246
WASP-12 b,0.02309,20.456,454.4969,1.62,1.38,427.246
WASP-120 b,0.0514,16.511,1541.4755,1.87,1.39,381.174
WASP-121 b,0.02544,20.905,375.99289,1.46,1.35,269.898
WASP-121 b,0.02596,19.649,367.72747,1.46,1.36,269.898
WASP-123 b,0.04263,14.773,285.72917,1.28,1.17,197.996
WASP-124 b,0.0449,13.899,190.698,1.02,1.07,448.637
WASP-126 b,0.0449,10.761,88.9924,1.27,1.12,216.526
WASP-127 b,0.052,15.356,57.2094,1.39,1.08,159.507
WASP-127 b,0.0484,14.695,52.3466,1.33,0.95,159.507
WASP-129 b,0.0628,10.424,317.83,0.9,1.0,301.462
WASP-13 b,0.05362,15.569,151.599,1.56,1.09,227.537
WASP-13 b,0.0557,17.127,162.72896,1.66,1.22,227.537
WASP-13 b,0.0558,17.127,166.86075,1.66,1.22,227.537
WASP-130 b,0.1012,9.976,390.9309,0.96,1.04,172.256
WASP-131 b,0.0607,13.675,85.8141,1.53,1.06,200.075
WASP-132 b,0.067,9.752,130.3103,0.74,0.8,122.91
WASP-132 c,0.0182,1.85,37.35,0.75,0.78,122.91
WASP-133 b,0.0345,13.563,368.6828,1.44,1.16,559.084
WASP-135 b,0.0243,14.572,603.877,0.96,0.98,298.214
WASP-136 b,0.0661,15.468,479.9233,2.21,1.41,275.587
WASP-138 b,0.0494,12.218,387.7526,1.36,1.22,414.234
WASP-139 b,0.062,8.967,37.18611,0.8,0.92,212.472
WASP-14 b,0.037,13.899,2412.3297,1.32,1.3,161.997
WASP-14 b,0.0372,18.304,2510.857,1.67,1.35,161.997
WASP-14 b,0.0358,14.359,2294.7326,1.31,1.21,161.997
WASP-14 b,0.036,14.36,2333.0,1.31,1.21,161.997
WASP-140 b,0.0323,16.141,775.5052,0.87,0.9,117.598
WASP-141 b,0.0469,13.563,854.9627,1.37,1.25,516.543
WASP-142 b,0.0347,17.15,266.9772,1.64,1.33,730.933
WASP-144 b,0.0316,9.528,139.8452,0.81,0.81,355.513
WASP-145 A b,0.0261,10.088,282.8687,0.68,0.76,91.299
WASP-147 b,0.0549,12.498,87.40325,1.43,1.04,436.098
WASP-148 b,0.08215,8.474,91.21675,0.91,0.95,246.353
WASP-148 b,0.0845,8.093,92.48853,1.03,1.0,246.353
WASP-15 b,0.0499,16.006,172.26386,1.48,1.18,282.091
WASP-15 b,0.0499,15.457,175.12433,1.44,1.18,282.091
WASP-15 b,0.05165,15.782,188.15536,1.52,1.3,282.091
WASP-15 b,0.0499,16.01,172.0,1.48,1.18,282.091
WASP-150 b,0.0694,11.994,2688.8418,1.65,1.39,527.995
WASP-151 b,0.055,13.305,100.43378,1.18,1.08,453.099
WASP-151 b,0.055,12.666,98.5273,1.14,1.08,453.099
WASP-153 b,0.048,17.374,123.9537,1.73,1.34,610.176
WASP-156 b,0.0453,5.717,40.68224,0.76,0.84,122.066
WASP-156 b,0.0458,6.028,41.8,0.83,0.87,122.066
WASP-157 b,0.0529,11.938,182.43442,1.13,1.26,334.037
WASP-158 b,0.0517,11.994,886.7457,1.39,1.38,524.993
WASP-159 b,0.0538,15.468,174.8065,2.11,1.41,715.383
WASP-16 b,0.0415,13.653,264.43456,1.09,0.98,194.134
WASP-16 b,0.0422,11.299,288.58964,0.95,1.02,194.134
WASP-16 b,0.0421,11.3,272.0,0.95,1.02,194.134
WASP-160 B b,0.0452,12.218,88.35674,0.87,0.87,288.326
WASP-161 b,0.0673,12.812,791.3967,1.71,1.39,343.08
WASP-162 b,0.0871,11.209,1652.716,1.11,0.95,310.841
WASP-163 b,0.0266,13.473,594.3421,1.01,0.97,261.386
WASP-164 b,0.02818,12.644,676.9779,0.93,0.95,327.506
WASP-165 b,0.04823,14.123,209.13214,1.75,1.25,602.236
WASP-166 b,0.0641,7.062,32.10083,1.22,1.19,114.173
WASP-167 b,0.0365,17.71,2542.64,1.79,1.59,423.552
WASP-168 b,0.0519,16.814,133.4886,1.12,1.08,303.941
WASP-169 b,0.0681,14.617,178.30263,2.01,1.34,627.066
WASP-17 b,0.0515,22.317,154.46538,1.57,1.31,405.908
WASP-17 b,0.05,22.261,143.97699,1.58,1.2,405.908
WASP-17 b,0.051,19.5,156.0,1.38,1.2,405.908
WASP-17 b,0.05125,21.656,151.60491,1.58,1.29,405.908
WASP-17 b,0.0513,19.582,154.46538,1.57,1.31,405.908
WASP-17 b,0.05151,22.317,162.72896,1.57,1.31,405.908
WASP-170 b,0.0337,12.285,508.528,0.94,0.93,305.603
WASP-171 b,0.0504,10.985,344.52772,1.64,1.17,757.84
WASP-172 b,0.0694,17.598,149.3801,1.91,1.49,538.11
WASP-173 A b,0.0248,13.451,1172.7927,1.11,1.05,232.98
WASP-173 A b,0.02508,14.404,1102.8701,1.1,1.09,232.98
WASP-174 b,0.05503,16.107,104.88337,1.35,1.24,410.149
WASP-174 b,0.0559,14.572,413.179,1.31,1.3,410.149
WASP-175 b,0.04403,13.54,314.6517,1.2,1.21,539.36
WASP-176 b,0.0535,16.87,271.74465,1.93,1.34,568.42
WASP-177 b,0.03957,17.71,161.45764,0.89,0.88,176.818
WASP-178 b,0.0558,20.288,527.5978,1.67,2.07,427.678
WASP-178 b,0.0545,21.745,448.1403,1.8,1.93,427.678
WASP-18 b,0.02024,13.899,3241.84975,1.32,1.29,123.483
WASP-18 b,0.0203,12.397,3241.866,1.22,1.25,123.483
WASP-18 b,0.02087,13.35,3305.432,1.26,1.46,123.483
WASP-18 b,0.02043,13.036,3299.0754,1.23,1.27,123.483
WASP-18 b,0.02047,13.058,3314.9669,1.23,1.28,123.483
WASP-18 b,0.02034,12.98,3270.4707,1.22,1.26,123.483
WASP-18 b,0.0202,14.202,3213.2613,1.36,1.24,123.483
WASP-180 A b,0.048,13.899,286.047,1.19,1.3,253.985
WASP-181 b,0.05427,13.271,95.03117,0.96,1.04,437.495
WASP-182 b,0.0451,9.528,47.03884,1.34,1.08,327.602
WASP-183 b,0.04632,16.477,159.55066,0.87,0.78,325.377
WASP-184 b,0.0627,14.908,181.1631,1.65,1.23,663.231
WASP-185 b,0.0904,14.011,311.4734,1.5,1.12,279.35
WASP-186 b,0.06,12.442,1341.2426,1.47,1.22,278.514
WASP-187 b,0.0653,18.383,254.264,2.83,1.54,371.414
WASP-189 b,0.05053,18.147,632.47853,2.36,2.03,99.731
WASP-19 b,0.01652,15.861,366.77398,1.01,0.96,268.325
WASP-19 b,0.01634,15.603,339.76027,1.0,0.9,268.325
WASP-19 b,0.01649,14.684,367.72931,0.94,0.96,268.325
WASP-19 b,0.01655,15.536,371.21,0.99,0.97,268.325
WASP-19 b,0.01653,15.424,370.27195,0.99,0.97,268.325
WASP-19 b,0.01616,15.637,354.06262,1.0,0.9,268.325
WASP-190 b,0.0663,12.89,317.83,1.6,1.35,542.251
WASP-192 b,0.0408,13.787,731.009,1.32,1.09,508.885
WASP-193 b,0.0676,16.41,44.17815,1.24,1.06,362.087
WASP-2 b,0.03138,12.005,290.802,0.84,0.89,153.242
WASP-2 b,0.03144,12.117,295.89973,0.87,0.9,153.242
WASP-2 b,0.0307,12.072,275.24078,0.82,0.84,153.242
WASP-2 b,0.03092,11.915,279.6904,0.82,0.85,153.242
WASP-2 b,0.03033,11.691,269.20201,0.81,0.8,153.242
WASP-2 b,0.0307,10.705,279.68,0.78,0.79,153.242
WASP-2 b,0.03138,12.52,290.484,0.84,0.89,153.242
WASP-2 b,0.03033,11.691,269.20201,0.81,0.8,153.242
WASP-2 b,0.0314,12.005,293.99275,0.84,0.89,153.242
WASP-20 b,0.05999,16.388,98.84513,1.39,1.2,211.877
WASP-20 b,0.0581,14.348,120.13974,1.14,1.09,211.877
WASP-20 b,0.06,16.388,98.841,1.39,1.2,211.877
WASP-21 b,0.0516,14.157,93.75985,1.19,0.98,258.426
WASP-21 b,0.05212,11.994,94.39551,1.06,1.01,258.426
WASP-22 b,0.047,12.98,181.1631,1.22,1.11,317.652
WASP-22 b,0.0468,12.554,177.9848,1.13,1.1,317.652
WASP-22 b,0.04698,12.98,186.876,1.22,1.11,317.652
WASP-22 b,0.0489,13.44,196.10111,1.25,1.25,317.652
WASP-23 b,0.0376,10.783,280.95,0.77,0.78,207.49
WASP-23 b,0.037,10.783,279.37257,0.77,0.78,207.49
WASP-24 b,0.03651,14.571,340.382,1.33,1.18,322.114
WASP-24 b,0.03607,14.572,336.8998,1.33,1.15,322.114
WASP-24 b,0.03635,14.605,352.47347,1.32,1.17,322.114
WASP-25 b,0.04819,13.978,190.06234,0.92,1.05,211.416
WASP-25 b,0.04738,13.675,182.43442,0.92,1.0,211.416
WASP-25 b,0.0473,13.675,184.3414,0.92,1.0,211.416
WASP-25 b,0.0473,13.675,184.334,0.92,1.0,211.416
WASP-26 b,0.03985,14.359,326.715,1.3,1.11,252.759
WASP-26 b,0.04,14.796,324.18498,1.34,1.12,252.759
WASP-26 b,0.03997,14.796,329.90754,1.34,1.12,252.759
WASP-26 b,0.03966,13.63,324.1866,1.28,1.09,252.759
WASP-28 b,0.0442,13.664,282.54945,1.08,0.99,348.494
WASP-28 b,0.0445,15.177,285.717,1.12,1.01,348.494
WASP-28 b,0.04465,13.597,287.95398,1.09,1.02,348.494
WASP-28 b,0.04469,13.597,288.26,1.09,1.02,348.494
WASP-29 b,0.0457,8.878,77.547,0.81,0.82,87.5953
WASP-29 b,0.04566,8.878,77.86835,0.81,0.82,87.5953
WASP-3 b,0.03185,15.872,645.1949,1.37,1.26,231.161
WASP-3 b,0.03151,14.5,559.357,1.36,1.26,231.161
WASP-3 b,0.0315,15.693,629.3034,1.36,1.23,231.161
WASP-3 b,0.03187,16.298,654.7298,1.38,1.26,231.161
WASP-3 b,0.0317,14.684,559.3808,1.31,1.24,231.161
WASP-3 b,0.03182,15.872,600.6987,1.37,1.26,231.161
WASP-31 b,0.04657,17.228,151.92274,1.24,1.16,383.829
WASP-31 b,0.04663,17.363,155.41887,1.25,1.17,383.829
WASP-31 b,0.04659,17.363,151.916,1.25,1.16,383.829
WASP-32 b,0.03904,12.33,1109.2267,1.09,1.07,275.994
WASP-32 b,0.0394,13.227,1144.14,1.11,1.1,275.994
WASP-33 b,0.02555,16.78,1303.0,1.44,1.5,121.944
WASP-33 b,0.0239,17.856,665.21819,1.44,1.5,121.944
WASP-34 b,0.0524,13.675,187.51,0.93,1.01,132.096
WASP-34 b,0.0521,13.675,185.29489,0.93,1.01,132.096
WASP-35 b,0.04313,14.796,222.79883,1.09,1.07,202.218
WASP-35 b,0.04317,14.796,228.828,1.09,1.07,202.218
WASP-36 b,0.02643,14.359,729.73768,0.95,1.04,386.346
WASP-36 b,0.02643,14.359,731.932,0.95,1.04,386.346
WASP-36 b,0.02677,14.874,750.39663,0.98,1.08,386.346
WASP-37 b,0.0447,13.002,546.6676,1.0,0.93,392.791
WASP-37 b,0.0446,13.002,572.07,1.0,0.93,392.791
WASP-38 b,0.07584,12.218,841.61384,1.35,1.23,136.24
WASP-38 b,0.07522,12.263,855.245,1.33,1.2,136.24
WASP-38 b,0.0758,12.218,861.3193,1.35,1.23,136.24
WASP-39 b,0.0486,14.235,88.989,0.9,0.93,213.982
WASP-39 b,0.04828,14.336,89.31023,0.94,0.91,213.982
WASP-39 b,0.04859,14.235,87.40325,0.9,0.93,213.982
WASP-4 b,0.02287,14.908,371.8611,0.92,0.89,267.206
WASP-4 b,0.02318,15.289,396.96967,0.91,0.93,267.206
WASP-4 b,0.02329,15.368,409.68287,0.91,0.94,267.206
WASP-4 b,0.02307,15.211,393.15571,0.91,0.91,267.206
WASP-4 b,0.02312,15.838,393.139,0.89,0.97,267.206
WASP-4 b,0.0232,15.031,397.2875,0.9,0.93,267.206
WASP-4 b,0.0226,14.807,376.94638,0.89,0.86,267.206
WASP-41 b,0.041,13.204,310.51991,0.89,0.99,163.371
WASP-41 b,0.04,13.227,298.7602,0.87,0.93,163.371
WASP-41 b,0.0402,13.451,292.391,0.9,0.93,163.371
WASP-41 b,0.04022,13.451,299.07803,0.9,0.93,163.371
WASP-42 b,0.0548,12.106,158.908,0.86,0.88,177.291
WASP-42 b,0.0561,12.576,167.49641,0.89,0.95,177.291
WASP-42 b,0.0548,11.915,159.23283,0.85,0.88,177.291
WASP-43 b,0.01504,11.276,635.02434,0.65,0.69,86.7467
WASP-43 b,0.0142,10.424,565.714,0.6,0.58,86.7467
WASP-43 b,0.01528,11.613,651.5515,0.67,0.72,86.7467
WASP-44 b,0.03473,12.778,282.539,0.93,0.95,364.512
WASP-44 b,0.03453,12.33,276.5121,0.91,0.94,364.512
WASP-44 b,0.03474,12.778,279.05474,0.93,0.95,364.512
WASP-45 b,0.04054,13.002,318.78349,0.94,0.91,211.196
WASP-45 b,0.04054,13.002,320.041,0.94,0.91,211.196
WASP-45 b,0.0405,11.119,318.46566,0.92,0.9,211.196
WASP-45 b,0.03963,10.604,306.38812,0.85,0.85,211.196
WASP-46 b,0.02335,13.159,607.0553,0.86,0.83,375.31
WASP-46 b,0.02448,14.684,667.733,0.92,0.96,375.31
WASP-46 b,0.02334,13.159,603.877,0.86,0.83,375.31
WASP-47 b,0.052,12.9,383.0,1.16,1.11,264.78
WASP-47 b,0.052,12.89,362.311,1.15,1.08,264.78
WASP-47 d,0.088,3.71,16.8,1.16,1.11,264.78
WASP-47 e,0.0173,1.82,9.1,1.16,1.11,264.78
WASP-48 b,0.0332,15.65,288.0,1.52,1.06,454.144
WASP-48 b,0.03449,18.719,327.68273,1.75,1.19,454.144
WASP-48 b,0.03444,18.719,311.46,1.75,1.19,454.144
WASP-49 b,0.0379,12.498,126.81417,0.98,0.94,194.553
WASP-49 b,0.0379,12.498,120.135,0.98,0.94,194.553
WASP-49 b,0.03873,13.428,126.81417,1.04,1.0,194.553
WASP-5 b,0.02729,13.126,520.28771,1.08,1.02,309.137
WASP-5 b,0.02714,13.047,497.40395,1.08,1.0,309.137
WASP-5 b,0.0267,12.184,502.15,1.03,0.96,309.137
WASP-5 b,0.02683,12.218,502.15,1.03,0.97,309.137
WASP-5 b,0.02702,13.081,498.336,1.08,1.0,309.137
WASP-5 b,0.02739,13.171,505.3497,1.09,1.03,309.137
WASP-5 b,0.02709,12.778,494.22565,1.06,1.0,309.137
WASP-5 b,0.0274,13.171,506.93885,1.09,1.03,309.137
WASP-50 b,0.0293,13.07,466.8287,0.84,0.89,184.848
WASP-50 b,0.02945,12.924,464.0318,0.84,0.89,184.848
WASP-50 b,0.02945,12.924,466.555,0.84,0.89,184.848
WASP-52 b,0.02713,14.235,145.88397,0.79,0.87,174.818
WASP-52 b,0.0272,14.24,146.2,0.79,0.87,174.818
WASP-53 b,0.04101,12.038,677.61356,0.8,0.84,201.338
WASP-54 b,0.04987,18.528,202.131,1.83,1.21,251.303
WASP-54 b,0.04988,18.528,192.60498,1.83,1.21,251.303
WASP-55 b,0.0558,14.964,199.27941,1.1,1.16,297.462
WASP-55 b,0.05326,14.572,181.48093,1.06,1.01,297.462
WASP-55 b,0.0533,14.572,181.155,1.06,1.01,297.462
WASP-56 b,0.05458,12.24,181.473,1.11,1.02,321.084
WASP-56 b,0.05614,12.24,190.38017,1.11,1.11,321.084
WASP-57 b,0.0386,10.267,213.573,0.84,0.95,398.276
WASP-57 b,0.03769,11.769,204.68252,0.93,0.89,398.276
WASP-57 b,0.03772,11.769,204.36469,0.93,0.89,398.276
WASP-58 b,0.0562,15.356,285.72917,1.17,0.94,290.404
WASP-58 b,0.0561,15.36,282.86,1.17,0.94,290.404
WASP-59 b,0.0697,8.687,274.276,0.61,0.72,115.936
WASP-59 b,0.0697,8.687,272.38031,0.61,0.72,115.936
WASP-6 b,0.0414,13.787,154.14755,0.86,0.84,197.119
WASP-6 b,0.0421,13.72,160.0,0.87,0.88,197.119
WASP-6 b,0.04217,13.72,153.51189,0.87,0.88,197.119
WASP-60 b,0.0531,9.64,163.358,1.14,1.08,431.052
WASP-60 b,0.05548,13.731,177.9848,1.4,1.23,431.052
WASP-60 b,0.05311,9.64,160.50415,1.14,1.08,431.052
WASP-61 b,0.0521,13.563,654.7298,1.39,1.27,488.66
WASP-61 b,0.05146,13.899,651.5515,1.36,1.22,488.66
WASP-61 b,0.0514,13.899,654.702,1.36,1.22,488.66
WASP-62 b,0.0571,15.02,184.3414,1.29,1.28,175.631
WASP-62 b,0.0567,15.581,181.155,1.28,1.25,175.631
WASP-62 b,0.05672,15.581,180.52744,1.28,1.25,175.631
WASP-63 b,0.05417,14.908,107.74437,1.76,1.1,290.684
WASP-63 b,0.0574,16.029,120.77,1.88,1.32,290.684
WASP-64 b,0.02652,14.247,388.07043,1.06,1.0,369.926
WASP-64 b,0.02648,14.247,403.945,1.06,1.0,369.926
WASP-65 b,0.0334,12.464,492.62,1.01,0.93,273.703
WASP-65 b,0.0334,12.464,489.4582,1.01,0.93,273.703
WASP-66 b,0.0546,15.581,737.335,1.75,1.3,500.258
WASP-66 b,0.05461,15.581,753.2571,1.75,1.3,500.258
WASP-66 b,0.0546,15.581,737.3656,1.75,1.3,500.258
WASP-67 b,0.051,12.229,129.034,0.82,0.83,189.469
WASP-67 b,0.05179,15.693,133.4886,0.87,0.87,189.469
WASP-67 b,0.0517,15.693,133.483,0.87,0.87,189.469
WASP-68 b,0.06219,13.899,304.16331,1.69,1.24,226.399
WASP-68 b,0.06206,13.9,301.93,1.69,1.24,226.399
WASP-69 b,0.04525,11.848,82.6358,0.81,0.83,49.9605
WASP-69 b,0.04525,9.113,82.632,0.81,0.83,49.9605
WASP-69 b,0.04527,11.848,79.4575,0.81,0.83,49.9605
WASP-7 b,0.0619,15.278,305.1168,1.47,1.28,162.303
WASP-7 b,0.0618,10.256,305.1168,1.24,1.28,162.303
WASP-7 b,0.06188,15.278,344.20989,1.47,1.28,162.303
WASP-7 b,0.0617,14.908,305.1168,1.43,1.28,162.303
WASP-7 b,0.0624,15.401,311.4734,1.48,1.32,162.303
WASP-70 A b,0.04853,13.047,187.512,1.22,1.11,222.355
WASP-70 A b,0.04855,13.047,189.74451,1.22,1.11,222.355
WASP-71 b,0.04622,16.365,706.21826,2.26,1.56,362.715
WASP-71 b,0.04619,16.37,712.545,2.26,1.56,362.715
WASP-72 b,0.03708,14.24,491.3763,1.98,1.39,434.754
WASP-72 b,0.03711,14.235,459.58218,1.98,1.39,434.754
WASP-73 b,0.05517,13.002,597.20257,2.07,1.34,316.678
WASP-73 b,0.05512,13.002,597.5,2.07,1.34,316.678
WASP-74 b,0.037,17.486,301.9385,1.64,1.48,149.216
WASP-74 b,0.03443,15.737,262.52758,1.54,1.19,149.216
WASP-74 b,0.03705,17.486,300.03152,1.64,1.48,149.216
WASP-75 b,0.03751,14.235,341.03159,1.26,1.14,294.001
WASP-75 b,0.0375,14.235,340.06,1.26,1.14,294.001
WASP-76 b,0.033,20.512,292.4036,1.73,1.46,194.459
WASP-76 b,0.03304,20.681,289.22385,1.74,1.47,194.459
WASP-76 b,0.033,20.781,284.1386,1.76,1.46,194.459
WASP-77 A b,0.024,13.56,559.36,0.95,1.0,105.166
WASP-77 A b,0.02335,13.787,529.81995,0.91,0.9,105.166
WASP-77 A b,0.02405,13.563,560.33429,0.95,1.0,105.166
WASP-78 b,0.0367,23.091,273.3338,2.35,1.39,754.258
WASP-78 b,0.0362,19.055,282.857,2.2,1.33,754.258
WASP-78 b,0.03488,17.822,259.66711,2.09,1.18,754.258
WASP-79 b,0.0519,17.15,270.15415,1.51,1.39,246.69
WASP-79 b,0.0519,17.15,270.1555,1.51,1.39,246.69
WASP-79 b,0.0521,20.4,267.93069,1.69,1.42,246.69
WASP-79 b,0.0535,23.43,286.03,1.91,1.52,246.69
WASP-8 b,0.0801,11.635,677.61356,0.94,1.03,89.9606
WASP-8 b,0.0801,11.635,713.18,0.94,1.03,89.9606
WASP-80 b,0.0344,11.198,170.99254,0.59,0.58,49.7876
WASP-80 b,0.0346,10.671,176.07,0.57,0.57,49.7876
WASP-80 b,0.03479,11.052,178.62046,0.59,0.6,49.7876
WASP-80 b,0.03427,10.671,171.6282,0.57,0.57,49.7876
WASP-81 b,0.03908,16.018,231.69807,1.28,1.08,398.505
WASP-82 b,0.0447,18.719,394.1092,2.18,1.63,275.664
WASP-82 b,0.0448,19.17,397.27,2.22,1.64,275.664
WASP-83 b,0.059,11.657,96.93815,1.05,1.11,271.103
WASP-83 b,0.059,11.657,95.349,1.05,1.11,271.103
WASP-84 b,0.0778,10.72,220.0,0.77,0.85,100.588
WASP-84 b,0.0775,10.94,218.34921,0.77,0.85,100.588
WASP-84 b,0.0771,10.559,220.565,0.75,0.84,100.588
WASP-84 b,0.0771,10.559,220.57402,0.75,0.84,100.588
WASP-84 c,0.02359,1.95,15.2,0.77,0.85,100.588
WASP-85 A b,0.039,13.899,402.05495,0.94,1.09,141.887
WASP-87 b,0.02946,15.524,692.8694,1.63,1.2,298.392
WASP-88 b,0.06438,19.055,181.1631,2.08,1.45,523.756
WASP-88 b,0.06431,19.055,177.98,2.08,1.45,523.756
WASP-89 b,0.0427,11.657,1875.197,0.88,0.92,290.946
WASP-89 b,0.0428,11.657,1843.414,0.88,0.92,290.946
WASP-90 b,0.0562,18.271,200.2329,1.98,1.55,466.433
WASP-91 b,0.037,11.545,425.8922,0.86,0.84,149.942
WASP-92 b,0.0348,16.376,255.85315,1.34,1.19,575.889
WASP-93 b,0.04211,17.901,467.2101,1.52,1.33,370.284
WASP-94 A b,0.0554,19.279,144.93048,1.62,1.45,211.211
WASP-94 A b,0.055,19.28,143.653,1.62,1.45,211.211
WASP-95 b,0.03416,13.56,359.13,1.13,1.11,137.544
WASP-95 b,0.03415,13.563,382.66732,1.13,1.11,137.544
WASP-96 b,0.0453,13.45,152.55,1.05,1.06,352.464
WASP-96 b,0.0454,13.451,155.7367,1.05,1.06,352.464
WASP-97 b,0.03305,12.666,420.48909,1.06,1.12,151.068
WASP-97 b,0.03303,12.67,419.52,1.06,1.12,151.068
WASP-98 b,0.03762,12.823,293.03926,0.74,0.81,281.742
WASP-98 b,0.036,12.33,263.79,0.7,0.69,281.742
WASP-98 b,0.03571,12.33,269.51984,0.7,0.69,281.742
WASP-99 b,0.0717,12.33,889.924,1.76,1.48,158.66
WASP-99 b,0.0717,12.33,883.53,1.76,1.48,158.66
WD 1856+534 b,0.0204,10.4,4386.054,0.01,0.52,24.7359
WTS-1 b,0.047,16.7,1274.44,1.15,1.2,2346.01
Wendelstein-1 b,0.0282,11.561,188.15536,0.61,0.65,305.3
Wendelstein-2 b,0.0234,12.993,232.33373,0.66,0.73,565.541
Wolf 327 b,0.01,1.24,2.53,0.41,0.41,28.5321
Wolf 503 b,0.05706,2.043,6.26,0.69,0.69,44.526
Wolf 503 b,0.05712,2.043,6.27,0.69,0.69,44.526
XO-1 b,0.0488,14.572,286.047,1.0,1.0,163.553
XO-1 b,0.049,13.563,292.391,0.94,1.03,163.553
XO-1 b,0.04944,13.518,293.67492,0.94,1.04,163.553
XO-1 b,0.0493,13.518,290.17879,0.93,1.03,163.553
XO-2 N b,0.03647,11.119,176.39565,0.97,0.95,154.273
XO-2 N b,0.0368,11.164,179.566,0.98,0.97,154.273
XO-2 N b,0.03673,11.422,189.737,1.01,0.97,154.273
XO-2 N b,0.0368,11.131,179.89178,0.99,0.97,154.273
XO-2 N b,0.03665,11.422,189.10885,1.0,0.96,154.273
XO-2 N b,0.03616,11.03,188.47319,0.96,0.92,154.273
XO-3 b,0.04539,13.641,3718.611,1.38,1.21,213.053
XO-3 b,0.0454,13.641,3747.06,1.38,1.21,213.053
XO-3 b,0.0476,21.858,4211.22639,2.13,1.41,213.053
XO-3 b,0.04529,13.989,3759.9289,1.41,1.21,213.053
XO-4 b,0.05475,14.46,483.41943,1.53,1.28,272.655
XO-4 b,0.05474,14.426,491.68301,1.53,1.28,272.655
XO-4 b,0.05524,15.02,512.34196,1.56,1.32,272.655
XO-5 b,0.04874,12.431,332.45018,1.08,0.88,276.211
XO-5 b,0.0515,12.78,378.2,1.13,1.04,276.211
XO-5 b,0.0508,12.89,365.5045,1.11,1.0,276.211
XO-5 b,0.0494,12.207,344.52772,1.06,0.91,276.211
XO-5 b,0.0488,12.431,336.568,1.08,0.88,276.211
XO-6 b,0.0815,23.203,1398.452,1.93,1.47,235.479
XO-7 b,0.04421,15.39,225.34147,1.48,1.41,234.149
bet Pic b,8.9,16.8,6356.0,1.54,1.95,19.7442
pi Men c,0.06839,2.042,4.82,1.1,1.09,18.2702
pi Men c,0.06702,2.06,4.52,1.1,1.02,18.2702
